HealthyCount;InfectedCount;RecoveredCount;Time
1999;1;0;0
1998;2;0;0
1997;3;0;0
1996;4;0;0
1995;5;0;0
1994;6;0;0
1993;7;0;0
1992;8;0;0
1991;9;0;0
1990;10;0;0
1989;11;0;1,56
1988;12;0;1,9
1987;13;0;3,6
1986;14;0;3,88
1985;15;0;5,34
1984;16;0;5,4
1983;17;0;5,94
1982;18;0;6,38
1981;19;0;8,48
1980;20;0;9,3
1979;21;0;10
1978;22;0;10,32
1977;23;0;10,56
1976;24;0;11,04
1975;25;0;11,08
1974;26;0;11,58
1973;27;0;12,62
1972;28;0;12,74
1971;29;0;12,8
1970;30;0;12,82
1969;31;0;13,14
1968;32;0;13,4
1967;33;0;13,52
1966;34;0;14,04
1965;35;0;14,54
1964;36;0;15,2
1963;37;0;15,62
1962;38;0;16,12
1961;39;0;16,9
1960;40;0;17,24
1959;41;0;17,28
1958;42;0;17,52
1957;43;0;17,56
1956;44;0;17,86
1955;45;0;18,22
1954;46;0;18,26
1953;47;0;18,46
1952;48;0;18,72
1951;49;0;19,04
1950;50;0;19,2
1949;51;0;19,44
1948;52;0;19,46
1947;53;0;20
1946;54;0;20,18
1945;55;0;20,38
1944;56;0;20,46
1943;57;0;20,56
1942;58;0;20,6
1941;59;0;20,86
1940;60;0;20,9
1939;61;0;20,92
1938;62;0;21,74
1937;63;0;21,78
1936;64;0;21,82
1935;65;0;21,82
1934;66;0;21,86
1933;67;0;22,28
1932;68;0;22,34
1931;69;0;22,4
1930;70;0;22,4
1929;71;0;22,64
1928;72;0;22,68
1927;73;0;22,7
1926;74;0;22,86
1925;75;0;23,28
1924;76;0;23,28
1923;77;0;23,3
1922;78;0;23,58
1921;79;0;23,64
1920;80;0;23,92
1919;81;0;24,06
1918;82;0;24,08
1917;83;0;24,12
1916;84;0;24,14
1915;85;0;24,14
1914;86;0;24,2
1913;87;0;24,22
1912;88;0;24,26
1911;89;0;24,3
1910;90;0;24,9
1909;91;0;24,96
1908;92;0;24,96
1907;93;0;24,98
1906;94;0;25,16
1905;95;0;25,18
1904;96;0;25,32
1903;97;0;25,46
1902;98;0;25,64
1901;99;0;25,64
1900;100;0;25,78
1899;101;0;25,82
1898;102;0;25,94
1897;103;0;26,06
1896;104;0;26,16
1895;105;0;26,18
1894;106;0;26,24
1893;107;0;27,12
1892;108;0;27,14
1891;109;0;27,3
1890;110;0;27,58
1889;111;0;27,72
1888;112;0;27,82
1887;113;0;28,16
1886;114;0;28,16
1885;115;0;28,32
1884;116;0;28,42
1883;117;0;28,56
1882;118;0;28,58
1881;119;0;28,66
1880;120;0;28,7
1879;121;0;28,74
1878;122;0;28,8
1877;123;0;28,82
1876;124;0;29,16
1875;125;0;29,36
1874;126;0;29,44
1873;127;0;29,64
1872;128;0;29,7
1871;129;0;29,72
1870;130;0;29,74
1869;131;0;29,88
1868;132;0;29,94
1867;133;0;30,16
1866;134;0;30,16
1865;135;0;30,32
1864;136;0;30,36
1863;137;0;30,4
1862;138;0;30,48
1861;139;0;30,58
1860;140;0;30,7
1859;141;0;30,72
1858;142;0;30,74
1857;143;0;30,78
1856;144;0;30,8
1855;145;0;30,8
1854;146;0;30,82
1853;147;0;30,92
1852;148;0;30,92
1851;149;0;30,96
1850;150;0;31,02
1849;151;0;31,22
1848;152;0;31,26
1847;153;0;31,32
1846;154;0;31,34
1845;155;0;31,36
1844;156;0;31,36
1843;157;0;31,38
1842;158;0;31,42
1841;159;0;31,48
1840;160;0;31,62
1839;161;0;31,68
1838;162;0;31,68
1837;163;0;31,74
1836;164;0;31,9
1835;165;0;32,3
1834;166;0;32,3
1833;167;0;32,4
1832;168;0;32,5
1831;169;0;32,72
1830;170;0;32,82
1829;171;0;33
1828;172;0;33,16
1827;173;0;33,3
1826;174;0;33,56
1825;175;0;33,58
1824;176;0;33,58
1823;177;0;33,64
1822;178;0;33,72
1821;179;0;33,74
1820;180;0;33,84
1819;181;0;33,94
1818;182;0;34
1817;183;0;34,06
1816;184;0;34,16
1815;185;0;34,16
1814;186;0;34,22
1813;187;0;34,3
1812;188;0;34,3
1811;189;0;34,32
1810;190;0;34,36
1809;191;0;34,38
1808;192;0;34,4
1807;193;0;34,44
1806;194;0;34,5
1805;195;0;34,58
1804;196;0;34,64
1803;197;0;34,64
1802;198;0;34,76
1801;199;0;34,84
1800;200;0;34,84
1799;201;0;34,92
1798;202;0;35,02
1797;203;0;35,04
1796;204;0;35,1
1795;205;0;35,12
1794;206;0;35,16
1793;207;0;35,2
1792;208;0;35,2
1791;209;0;35,26
1790;210;0;35,28
1789;211;0;35,32
1788;212;0;35,36
1787;213;0;35,44
1786;214;0;35,54
1785;215;0;35,62
1784;216;0;35,64
1783;217;0;35,76
1782;218;0;35,92
1781;219;0;35,94
1780;220;0;36
1779;221;0;36,24
1778;222;0;36,56
1777;223;0;36,7
1776;224;0;36,8
1775;225;0;36,84
1774;226;0;36,86
1773;227;0;37,1
1772;228;0;37,2
1771;229;0;37,22
1770;230;0;37,28
1769;231;0;37,34
1768;232;0;37,42
1767;233;0;37,58
1766;234;0;37,58
1765;235;0;37,66
1764;236;0;37,7
1763;237;0;37,74
1762;238;0;37,74
1761;239;0;37,78
1760;240;0;37,82
1759;241;0;37,92
1758;242;0;38
1757;243;0;38,08
1756;244;0;38,1
1755;245;0;38,1
1754;246;0;38,22
1753;247;0;38,22
1752;248;0;38,3
1751;249;0;38,34
1750;250;0;38,34
1749;251;0;38,36
1748;252;0;38,54
1747;253;0;38,56
1746;254;0;38,68
1745;255;0;38,72
1744;256;0;38,72
1743;257;0;38,76
1742;258;0;38,82
1741;259;0;38,84
1740;260;0;38,84
1739;261;0;39,4
1738;262;0;39,44
1737;263;0;39,6
1736;264;0;39,64
1735;265;0;39,64
1734;266;0;39,72
1733;267;0;39,86
1732;268;0;39,94
1731;269;0;39,96
1730;270;0;40,04
1729;271;0;40,12
1728;272;0;40,26
1727;273;0;40,26
1726;274;0;40,4
1725;275;0;40,4
1724;276;0;40,5
1723;277;0;40,52
1722;278;0;40,52
1721;279;0;40,56
1720;280;0;40,56
1719;281;0;40,58
1718;282;0;40,62
1717;283;0;40,62
1716;284;0;40,78
1715;285;0;40,8
1714;286;0;40,9
1713;287;0;41
1712;288;0;41
1711;289;0;41,04
1710;290;0;41,06
1709;291;0;41,12
1708;292;0;41,36
1707;293;0;41,52
1706;294;0;41,56
1705;295;0;41,62
1704;296;0;41,64
1703;297;0;41,66
1702;298;0;41,74
1701;299;0;41,78
1700;300;0;41,78
1699;301;0;41,82
1698;302;0;41,96
1697;303;0;41,96
1696;304;0;42,1
1695;305;0;42,12
1694;306;0;42,16
1693;307;0;42,46
1692;308;0;42,54
1691;309;0;42,64
1690;310;0;42,8
1689;311;0;42,96
1688;312;0;42,96
1687;313;0;43,02
1686;314;0;43,04
1685;315;0;43,12
1684;316;0;43,12
1683;317;0;43,16
1682;318;0;43,16
1681;319;0;43,32
1680;320;0;43,34
1679;321;0;43,4
1678;322;0;43,5
1677;323;0;43,56
1676;324;0;43,6
1675;325;0;43,6
1674;326;0;43,68
1673;327;0;43,68
1672;328;0;43,7
1671;329;0;43,74
1670;330;0;43,76
1669;331;0;43,78
1668;332;0;43,78
1667;333;0;43,8
1666;334;0;43,82
1665;335;0;43,86
1664;336;0;43,9
1663;337;0;43,9
1662;338;0;43,96
1661;339;0;43,98
1660;340;0;43,98
1659;341;0;44,04
1658;342;0;44,16
1657;343;0;44,16
1656;344;0;44,2
1655;345;0;44,24
1654;346;0;44,24
1653;347;0;44,3
1652;348;0;44,34
1651;349;0;44,44
1650;350;0;44,48
1649;351;0;44,56
1648;352;0;44,74
1647;353;0;44,8
1646;354;0;44,86
1645;355;0;44,88
1644;356;0;44,96
1643;357;0;45,02
1642;358;0;45,08
1641;359;0;45,08
1640;360;0;45,16
1639;361;0;45,24
1638;362;0;45,32
1637;363;0;45,34
1636;364;0;45,38
1635;365;0;45,38
1634;366;0;45,42
1633;367;0;45,44
1632;368;0;45,54
1631;369;0;45,68
1630;370;0;45,7
1629;371;0;45,82
1628;372;0;45,82
1627;373;0;45,84
1626;374;0;45,84
1625;375;0;45,84
1624;376;0;45,88
1623;377;0;45,9
1622;378;0;45,9
1621;379;0;45,92
1620;380;0;45,94
1619;381;0;45,96
1618;382;0;45,98
1617;383;0;45,98
1616;384;0;46,06
1615;385;0;46,2
1614;386;0;46,34
1613;387;0;46,42
1612;388;0;46,42
1611;389;0;46,46
1610;390;0;46,48
1609;391;0;46,6
1608;392;0;46,6
1607;393;0;46,64
1606;394;0;46,66
1605;395;0;46,68
1604;396;0;46,72
1603;397;0;46,74
1602;398;0;46,82
1601;399;0;46,84
1600;400;0;46,9
1599;401;0;46,92
1598;402;0;47,06
1597;403;0;47,14
1596;404;0;47,2
1595;405;0;47,2
1594;406;0;47,22
1593;407;0;47,22
1592;408;0;47,24
1591;409;0;47,24
1590;410;0;47,44
1589;411;0;47,44
1588;412;0;47,5
1587;413;0;47,62
1586;414;0;47,62
1585;415;0;47,7
1584;416;0;47,84
1583;417;0;47,94
1582;418;0;47,94
1581;419;0;47,98
1580;420;0;48,18
1579;421;0;48,22
1578;422;0;48,24
1577;423;0;48,26
1576;424;0;48,26
1575;425;0;48,26
1574;426;0;48,34
1573;427;0;48,38
1572;428;0;48,38
1571;429;0;48,4
1570;430;0;48,44
1569;431;0;48,5
1568;432;0;48,52
1567;433;0;48,54
1566;434;0;48,62
1565;435;0;48,66
1564;436;0;48,78
1563;437;0;48,8
1562;438;0;48,9
1561;439;0;48,92
1560;440;0;48,98
1559;441;0;49,06
1558;442;0;49,1
1557;443;0;49,1
1556;444;0;49,2
1555;445;0;49,36
1554;446;0;49,42
1553;447;0;49,44
1552;448;0;49,44
1551;449;0;49,44
1550;450;0;49,46
1549;451;0;49,48
1548;452;0;49,5
1547;453;0;49,56
1546;454;0;49,7
1545;455;0;49,72
1544;456;0;49,74
1543;457;0;49,82
1542;458;0;49,84
1541;459;0;49,84
1540;460;0;49,9
1539;461;0;49,94
1538;462;0;49,98
1537;463;0;49,98
1537;462;0;50
1537;462;1;50
1537;461;1;50
1537;461;2;50
1537;460;2;50
1537;460;3;50
1537;459;3;50
1537;459;4;50
1537;458;4;50
1537;458;5;50
1537;457;5;50
1537;457;6;50
1537;456;6;50
1537;456;7;50
1537;455;7;50
1537;455;8;50
1537;454;8;50
1537;454;9;50
1537;453;9;50
1537;453;10;50
1536;454;10;50,02
1535;455;10;50,06
1534;456;10;50,08
1533;457;10;50,08
1532;458;10;50,1
1531;459;10;50,12
1530;460;10;50,18
1529;461;10;50,2
1528;462;10;50,24
1527;463;10;50,3
1526;464;10;50,3
1525;465;10;50,32
1524;466;10;50,32
1523;467;10;50,34
1522;468;10;50,36
1521;469;10;50,36
1520;470;10;50,38
1519;471;10;50,4
1518;472;10;50,48
1517;473;10;50,52
1516;474;10;50,52
1515;475;10;50,58
1514;476;10;50,68
1513;477;10;50,86
1512;478;10;50,9
1511;479;10;51,02
1510;480;10;51,16
1509;481;10;51,24
1508;482;10;51,28
1507;483;10;51,34
1506;484;10;51,38
1505;485;10;51,4
1504;486;10;51,4
1503;487;10;51,42
1502;488;10;51,46
1501;489;10;51,46
1500;490;10;51,48
1499;491;10;51,48
1498;492;10;51,48
1497;493;10;51,54
1496;494;10;51,54
1496;493;10;51,58
1496;493;11;51,58
1495;494;11;51,58
1494;495;11;51,6
1493;496;11;51,72
1492;497;11;51,86
1491;498;11;51,9
1491;497;11;51,92
1491;497;12;51,92
1490;498;12;51,96
1489;499;12;52,02
1488;500;12;52,04
1487;501;12;52,12
1486;502;12;52,12
1485;503;12;52,14
1484;504;12;52,2
1483;505;12;52,22
1482;506;12;52,32
1481;507;12;52,38
1480;508;12;52,42
1479;509;12;52,6
1478;510;12;52,64
1477;511;12;52,68
1476;512;12;52,7
1475;513;12;52,76
1474;514;12;52,78
1473;515;12;52,82
1472;516;12;52,88
1471;517;12;52,88
1470;518;12;52,9
1469;519;12;52,92
1468;520;12;52,92
1467;521;12;52,98
1466;522;12;53
1465;523;12;53,12
1464;524;12;53,12
1463;525;12;53,18
1462;526;12;53,2
1461;527;12;53,22
1460;528;12;53,34
1459;529;12;53,34
1458;530;12;53,34
1457;531;12;53,36
1456;532;12;53,36
1455;533;12;53,4
1454;534;12;53,42
1453;535;12;53,42
1453;534;12;53,62
1453;534;13;53,62
1452;535;13;53,68
1451;536;13;53,72
1450;537;13;53,74
1449;538;13;53,76
1448;539;13;53,84
1448;538;13;53,9
1448;538;14;53,9
1447;539;14;54,1
1446;540;14;54,24
1445;541;14;54,28
1444;542;14;54,3
1443;543;14;54,32
1442;544;14;54,34
1441;545;14;54,4
1440;546;14;54,42
1439;547;14;54,5
1438;548;14;54,52
1437;549;14;54,52
1436;550;14;54,56
1435;551;14;54,56
1434;552;14;54,56
1433;553;14;54,62
1432;554;14;54,62
1431;555;14;54,62
1430;556;14;54,62
1429;557;14;54,68
1428;558;14;54,72
1427;559;14;54,74
1426;560;14;54,76
1425;561;14;54,82
1424;562;14;54,82
1423;563;14;54,86
1422;564;14;54,9
1421;565;14;54,92
1420;566;14;54,92
1419;567;14;54,94
1418;568;14;54,96
1417;569;14;55,04
1416;570;14;55,06
1415;571;14;55,14
1414;572;14;55,24
1414;571;14;55,36
1414;571;15;55,36
1413;572;15;55,38
1413;571;15;55,42
1413;571;16;55,42
1412;572;16;55,46
1411;573;16;55,5
1410;574;16;55,52
1409;575;16;55,6
1408;576;16;55,68
1407;577;16;55,7
1406;578;16;55,74
1405;579;16;55,92
1404;580;16;55,92
1404;579;16;55,96
1404;579;17;55,96
1403;580;17;56
1402;581;17;56,02
1401;582;17;56,04
1400;583;17;56,06
1399;584;17;56,1
1398;585;17;56,14
1397;586;17;56,16
1396;587;17;56,16
1395;588;17;56,16
1394;589;17;56,22
1393;590;17;56,24
1392;591;17;56,24
1391;592;17;56,28
1390;593;17;56,3
1389;594;17;56,34
1388;595;17;56,36
1388;594;17;56,4
1388;594;18;56,4
1387;595;18;56,4
1386;596;18;56,42
1385;597;18;56,44
1384;598;18;56,52
1383;599;18;56,54
1382;600;18;56,54
1381;601;18;56,62
1380;602;18;56,66
1379;603;18;56,7
1378;604;18;56,74
1377;605;18;56,84
1376;606;18;56,84
1375;607;18;56,86
1374;608;18;56,98
1373;609;18;57,02
1372;610;18;57,04
1371;611;18;57,12
1370;612;18;57,16
1369;613;18;57,16
1368;614;18;57,18
1367;615;18;57,18
1366;616;18;57,28
1365;617;18;57,28
1364;618;18;57,3
1363;619;18;57,36
1362;620;18;57,38
1361;621;18;57,46
1360;622;18;57,5
1359;623;18;57,54
1358;624;18;57,54
1357;625;18;57,56
1356;626;18;57,6
1355;627;18;57,62
1354;628;18;57,62
1353;629;18;57,64
1352;630;18;57,72
1351;631;18;57,74
1350;632;18;57,76
1349;633;18;57,88
1348;634;18;57,88
1347;635;18;57,94
1346;636;18;57,96
1345;637;18;57,98
1344;638;18;58
1343;639;18;58,02
1342;640;18;58,04
1341;641;18;58,06
1340;642;18;58,08
1339;643;18;58,08
1338;644;18;58,1
1337;645;18;58,1
1336;646;18;58,2
1335;647;18;58,22
1334;648;18;58,28
1333;649;18;58,28
1332;650;18;58,36
1331;651;18;58,42
1330;652;18;58,42
1330;651;18;58,5
1330;651;19;58,5
1329;652;19;58,56
1328;653;19;58,58
1327;654;19;58,64
1326;655;19;58,68
1325;656;19;58,68
1324;657;19;58,7
1323;658;19;58,7
1322;659;19;58,76
1321;660;19;58,8
1320;661;19;58,8
1319;662;19;58,94
1318;663;19;58,96
1317;664;19;59,04
1316;665;19;59,06
1315;666;19;59,08
1314;667;19;59,12
1313;668;19;59,2
1313;667;19;59,32
1313;667;20;59,32
1312;668;20;59,34
1311;669;20;59,36
1310;670;20;59,4
1309;671;20;59,42
1308;672;20;59,48
1307;673;20;59,54
1306;674;20;59,56
1305;675;20;59,56
1304;676;20;59,56
1303;677;20;59,58
1302;678;20;59,6
1301;679;20;59,6
1300;680;20;59,6
1299;681;20;59,64
1298;682;20;59,66
1297;683;20;59,68
1296;684;20;59,94
1295;685;20;59,98
1294;686;20;60
1294;685;20;60,02
1294;685;21;60,02
1293;686;21;60,02
1292;687;21;60,06
1291;688;21;60,06
1290;689;21;60,1
1289;690;21;60,12
1288;691;21;60,26
1287;692;21;60,28
1286;693;21;60,32
1285;694;21;60,32
1284;695;21;60,32
1284;694;21;60,34
1284;694;22;60,34
1283;695;22;60,34
1282;696;22;60,38
1281;697;22;60,38
1280;698;22;60,44
1279;699;22;60,56
1279;698;22;60,58
1279;698;23;60,58
1278;699;23;60,6
1277;700;23;60,6
1276;701;23;60,66
1275;702;23;60,66
1274;703;23;60,72
1273;704;23;60,76
1272;705;23;60,8
1271;706;23;60,8
1270;707;23;60,8
1269;708;23;60,88
1268;709;23;60,9
1267;710;23;60,92
1266;711;23;60,94
1265;712;23;61
1264;713;23;61
1263;714;23;61,04
1262;715;23;61,04
1262;714;23;61,06
1262;714;24;61,06
1261;715;24;61,08
1261;714;24;61,1
1261;714;25;61,1
1260;715;25;61,18
1259;716;25;61,28
1258;717;25;61,3
1257;718;25;61,36
1256;719;25;61,38
1255;720;25;61,38
1254;721;25;61,44
1253;722;25;61,5
1252;723;25;61,54
1251;724;25;61,56
1250;725;25;61,58
1250;724;25;61,6
1250;724;26;61,6
1249;725;26;61,6
1248;726;26;61,62
1247;727;26;61,62
1246;728;26;61,66
1245;729;26;61,66
1244;730;26;61,66
1243;731;26;61,66
1242;732;26;61,68
1241;733;26;61,74
1240;734;26;61,74
1239;735;26;61,84
1238;736;26;61,88
1237;737;26;61,92
1236;738;26;62,02
1235;739;26;62,04
1234;740;26;62,1
1233;741;26;62,16
1232;742;26;62,18
1231;743;26;62,2
1230;744;26;62,2
1229;745;26;62,26
1228;746;26;62,26
1227;747;26;62,28
1226;748;26;62,3
1225;749;26;62,32
1224;750;26;62,38
1223;751;26;62,38
1222;752;26;62,44
1221;753;26;62,46
1220;754;26;62,5
1219;755;26;62,52
1218;756;26;62,62
1218;755;26;62,64
1218;755;27;62,64
1217;756;27;62,66
1216;757;27;62,7
1215;758;27;62,74
1214;759;27;62,74
1214;758;27;62,76
1214;758;28;62,76
1213;759;28;62,76
1212;760;28;62,78
1211;761;28;62,78
1211;760;28;62,82
1211;760;29;62,82
1211;759;29;62,84
1211;759;30;62,84
1210;760;30;62,86
1209;761;30;62,86
1208;762;30;62,88
1207;763;30;62,94
1206;764;30;63,02
1205;765;30;63,06
1204;766;30;63,08
1204;765;30;63,16
1204;765;31;63,16
1203;766;31;63,16
1202;767;31;63,16
1201;768;31;63,2
1200;769;31;63,22
1199;770;31;63,3
1198;771;31;63,38
1197;772;31;63,4
1197;771;31;63,42
1197;771;32;63,42
1196;772;32;63,46
1195;773;32;63,46
1194;774;32;63,48
1193;775;32;63,48
1192;776;32;63,52
1192;775;32;63,54
1192;775;33;63,54
1191;776;33;63,54
1190;777;33;63,62
1189;778;33;63,64
1188;779;33;63,68
1187;780;33;63,7
1186;781;33;63,7
1185;782;33;63,72
1184;783;33;63,76
1183;784;33;63,86
1182;785;33;63,88
1181;786;33;63,9
1180;787;33;63,9
1179;788;33;63,92
1178;789;33;64,02
1177;790;33;64,02
1176;791;33;64,02
1176;790;33;64,06
1176;790;34;64,06
1175;791;34;64,08
1174;792;34;64,1
1173;793;34;64,12
1172;794;34;64,18
1171;795;34;64,26
1170;796;34;64,3
1169;797;34;64,3
1168;798;34;64,38
1167;799;34;64,42
1166;800;34;64,5
1166;799;34;64,56
1166;799;35;64,56
1165;800;35;64,56
1164;801;35;64,58
1163;802;35;64,58
1162;803;35;64,58
1161;804;35;64,6
1160;805;35;64,64
1159;806;35;64,68
1158;807;35;64,7
1157;808;35;64,82
1156;809;35;64,86
1155;810;35;64,9
1154;811;35;64,9
1153;812;35;64,9
1152;813;35;64,92
1151;814;35;64,92
1150;815;35;64,96
1149;816;35;64,98
1148;817;35;64,98
1147;818;35;65
1146;819;35;65,04
1145;820;35;65,04
1144;821;35;65,12
1143;822;35;65,14
1142;823;35;65,18
1142;822;35;65,22
1142;822;36;65,22
1141;823;36;65,22
1140;824;36;65,28
1139;825;36;65,3
1138;826;36;65,32
1137;827;36;65,34
1136;828;36;65,38
1135;829;36;65,4
1134;830;36;65,4
1133;831;36;65,4
1132;832;36;65,52
1131;833;36;65,54
1131;832;36;65,64
1131;832;37;65,64
1130;833;37;65,64
1129;834;37;65,64
1128;835;37;65,64
1127;836;37;65,64
1126;837;37;65,68
1125;838;37;65,7
1124;839;37;65,72
1123;840;37;65,76
1122;841;37;65,82
1121;842;37;65,82
1120;843;37;65,82
1119;844;37;65,92
1118;845;37;65,92
1117;846;37;65,94
1116;847;37;65,98
1115;848;37;66,08
1114;849;37;66,08
1113;850;37;66,1
1112;851;37;66,1
1112;850;37;66,14
1112;850;38;66,14
1111;851;38;66,2
1110;852;38;66,22
1109;853;38;66,24
1108;854;38;66,32
1107;855;38;66,38
1106;856;38;66,46
1105;857;38;66,46
1104;858;38;66,54
1103;859;38;66,56
1102;860;38;66,56
1101;861;38;66,6
1100;862;38;66,6
1099;863;38;66,6
1098;864;38;66,6
1097;865;38;66,66
1096;866;38;66,68
1095;867;38;66,7
1094;868;38;66,74
1094;867;38;66,92
1094;867;39;66,92
1093;868;39;66,92
1092;869;39;66,92
1091;870;39;66,96
1090;871;39;66,98
1089;872;39;67
1088;873;39;67,02
1087;874;39;67,06
1086;875;39;67,08
1085;876;39;67,18
1084;877;39;67,22
1083;878;39;67,22
1083;877;39;67,26
1083;877;40;67,26
1082;878;40;67,28
1082;877;40;67,3
1082;877;41;67,3
1081;878;41;67,36
1080;879;41;67,38
1079;880;41;67,38
1078;881;41;67,42
1077;882;41;67,42
1076;883;41;67,44
1075;884;41;67,46
1074;885;41;67,5
1074;884;41;67,54
1074;884;42;67,54
1073;885;42;67,56
1072;886;42;67,56
1072;885;42;67,58
1072;885;43;67,58
1071;886;43;67,58
1070;887;43;67,6
1069;888;43;67,62
1068;889;43;67,62
1067;890;43;67,68
1066;891;43;67,68
1065;892;43;67,74
1064;893;43;67,76
1063;894;43;67,76
1062;895;43;67,78
1061;896;43;67,84
1060;897;43;67,86
1060;896;43;67,88
1060;896;44;67,88
1059;897;44;67,96
1058;898;44;68
1057;899;44;68,1
1056;900;44;68,1
1055;901;44;68,1
1054;902;44;68,12
1053;903;44;68,12
1052;904;44;68,2
1052;903;44;68,24
1052;903;45;68,24
1051;904;45;68,26
1050;905;45;68,26
1050;904;45;68,28
1050;904;46;68,28
1049;905;46;68,3
1048;906;46;68,32
1047;907;46;68,32
1046;908;46;68,36
1045;909;46;68,46
1045;908;46;68,48
1045;908;47;68,48
1044;909;47;68,54
1043;910;47;68,58
1042;911;47;68,64
1041;912;47;68,68
1040;913;47;68,7
1039;914;47;68,7
1038;915;47;68,72
1037;916;47;68,72
1037;915;47;68,74
1037;915;48;68,74
1036;916;48;68,74
1035;917;48;68,74
1034;918;48;68,78
1033;919;48;68,82
1032;920;48;68,82
1031;921;48;68,84
1030;922;48;68,9
1029;923;48;68,94
1028;924;48;68,94
1027;925;48;69,02
1026;926;48;69,04
1025;927;48;69,04
1025;926;48;69,06
1025;926;49;69,06
1024;927;49;69,16
1023;928;49;69,2
1023;927;49;69,22
1023;927;50;69,22
1022;928;50;69,26
1021;929;50;69,3
1020;930;50;69,3
1019;931;50;69,32
1018;932;50;69,32
1017;933;50;69,34
1016;934;50;69,34
1015;935;50;69,42
1014;936;50;69,44
1014;935;50;69,46
1014;935;51;69,46
1013;936;51;69,46
1013;935;51;69,48
1013;935;52;69,48
1012;936;52;69,48
1011;937;52;69,52
1010;938;52;69,54
1009;939;52;69,56
1008;940;52;69,56
1007;941;52;69,6
1006;942;52;69,66
1005;943;52;69,72
1004;944;52;69,74
1003;945;52;69,82
1002;946;52;69,88
1001;947;52;69,88
1000;948;52;69,9
999;949;52;69,92
998;950;52;69,96
997;951;52;69,98
997;950;52;70,02
997;950;53;70,02
996;951;53;70,02
995;952;53;70,1
994;953;53;70,18
994;952;53;70,2
994;952;54;70,2
993;953;54;70,2
992;954;54;70,26
991;955;54;70,28
990;956;54;70,36
990;955;54;70,4
990;955;55;70,4
989;956;55;70,4
988;957;55;70,46
988;956;55;70,48
988;956;56;70,48
987;957;56;70,5
986;958;56;70,5
985;959;56;70,52
984;960;56;70,52
983;961;56;70,52
982;962;56;70,54
981;963;56;70,56
981;962;56;70,58
981;962;57;70,58
980;963;57;70,58
980;962;57;70,62
980;962;58;70,62
979;963;58;70,62
978;964;58;70,62
977;965;58;70,62
976;966;58;70,68
975;967;58;70,76
974;968;58;70,78
973;969;58;70,82
972;970;58;70,86
972;969;58;70,88
972;969;59;70,88
972;968;59;70,92
972;968;60;70,92
972;967;60;70,94
972;967;61;70,94
971;968;61;70,96
970;969;61;70,96
969;970;61;71,02
968;971;61;71,02
967;972;61;71,04
966;973;61;71,04
965;974;61;71,08
964;975;61;71,08
963;976;61;71,12
962;977;61;71,12
961;978;61;71,14
960;979;61;71,18
959;980;61;71,18
958;981;61;71,32
957;982;61;71,32
956;983;61;71,34
955;984;61;71,34
954;985;61;71,34
953;986;61;71,36
952;987;61;71,4
951;988;61;71,4
950;989;61;71,42
949;990;61;71,46
948;991;61;71,5
947;992;61;71,52
946;993;61;71,56
945;994;61;71,6
944;995;61;71,68
943;996;61;71,72
943;995;61;71,76
943;995;62;71,76
943;994;62;71,8
943;994;63;71,8
943;993;63;71,84
943;993;64;71,84
943;992;64;71,84
943;992;65;71,84
942;993;65;71,86
942;992;65;71,88
942;992;66;71,88
941;993;66;71,9
940;994;66;71,96
939;995;66;71,98
938;996;66;71,98
937;997;66;71,98
936;998;66;71,98
935;999;66;72
934;1000;66;72,06
933;1001;66;72,12
932;1002;66;72,16
931;1003;66;72,28
931;1002;66;72,3
931;1002;67;72,3
930;1003;67;72,3
929;1004;67;72,32
929;1003;67;72,36
929;1003;68;72,36
928;1004;68;72,36
927;1005;68;72,4
927;1004;68;72,42
927;1004;69;72,42
927;1003;69;72,42
927;1003;70;72,42
926;1004;70;72,44
925;1005;70;72,52
924;1006;70;72,54
923;1007;70;72,54
922;1008;70;72,56
921;1009;70;72,58
920;1010;70;72,64
920;1009;70;72,66
920;1009;71;72,66
920;1008;71;72,7
920;1008;72;72,7
920;1007;72;72,72
920;1007;73;72,72
919;1008;73;72,72
918;1009;73;72,78
917;1010;73;72,78
916;1011;73;72,78
915;1012;73;72,8
914;1013;73;72,84
914;1012;73;72,88
914;1012;74;72,88
913;1013;74;72,88
912;1014;74;72,94
911;1015;74;72,96
910;1016;74;72,96
909;1017;74;72,98
908;1018;74;72,98
907;1019;74;73,02
906;1020;74;73,08
905;1021;74;73,08
904;1022;74;73,08
903;1023;74;73,08
902;1024;74;73,08
901;1025;74;73,1
900;1026;74;73,22
899;1027;74;73,26
898;1028;74;73,28
897;1029;74;73,28
897;1028;74;73,3
897;1028;75;73,3
897;1027;75;73,3
897;1027;76;73,3
896;1028;76;73,3
896;1027;76;73,32
896;1027;77;73,32
895;1028;77;73,32
894;1029;77;73,4
893;1030;77;73,46
892;1031;77;73,52
891;1032;77;73,54
890;1033;77;73,58
889;1034;77;73,58
889;1033;77;73,6
889;1033;78;73,6
889;1032;78;73,66
889;1032;79;73,66
888;1033;79;73,66
887;1034;79;73,74
886;1035;79;73,76
885;1036;79;73,76
884;1037;79;73,8
883;1038;79;73,9
882;1039;79;73,9
881;1040;79;73,92
881;1039;79;73,94
881;1039;80;73,94
880;1040;80;73,94
879;1041;80;73,96
878;1042;80;73,98
877;1043;80;74,04
876;1044;80;74,06
876;1043;80;74,08
876;1043;81;74,08
875;1044;81;74,08
875;1043;81;74,1
875;1043;82;74,1
874;1044;82;74,12
874;1043;82;74,14
874;1043;83;74,14
874;1042;83;74,16
874;1042;84;74,16
874;1041;84;74,16
874;1041;85;74,16
873;1042;85;74,16
873;1041;85;74,22
873;1041;86;74,22
873;1040;86;74,24
873;1040;87;74,24
872;1041;87;74,26
872;1040;87;74,28
872;1040;88;74,28
871;1041;88;74,3
871;1040;88;74,32
871;1040;89;74,32
870;1041;89;74,36
869;1042;89;74,38
868;1043;89;74,42
867;1044;89;74,48
866;1045;89;74,52
865;1046;89;74,52
864;1047;89;74,54
863;1048;89;74,54
862;1049;89;74,56
861;1050;89;74,6
860;1051;89;74,62
859;1052;89;74,66
858;1053;89;74,68
857;1054;89;74,76
856;1055;89;74,84
855;1056;89;74,84
855;1055;89;74,92
855;1055;90;74,92
855;1054;90;74,98
855;1054;91;74,98
855;1053;91;74,98
855;1053;92;74,98
855;1052;92;75
855;1052;93;75
854;1053;93;75
853;1054;93;75,02
853;1053;93;75,18
853;1053;94;75,18
853;1052;94;75,2
853;1052;95;75,2
852;1053;95;75,26
851;1054;95;75,32
851;1053;95;75,34
851;1053;96;75,34
850;1054;96;75,34
849;1055;96;75,34
848;1056;96;75,38
847;1057;96;75,46
846;1058;96;75,46
846;1057;96;75,48
846;1057;97;75,48
845;1058;97;75,5
844;1059;97;75,6
844;1058;97;75,66
844;1058;98;75,66
844;1057;98;75,66
844;1057;99;75,66
843;1058;99;75,68
842;1059;99;75,72
841;1060;99;75,72
840;1061;99;75,74
839;1062;99;75,78
839;1061;99;75,8
839;1061;100;75,8
839;1060;100;75,84
839;1060;101;75,84
838;1061;101;75,9
837;1062;101;75,92
837;1061;101;75,96
837;1061;102;75,96
836;1062;102;76,04
836;1061;102;76,08
836;1061;103;76,08
835;1062;103;76,08
834;1063;103;76,08
833;1064;103;76,1
832;1065;103;76,12
831;1066;103;76,14
830;1067;103;76,14
830;1066;103;76,18
830;1066;104;76,18
830;1065;104;76,2
830;1065;105;76,2
829;1066;105;76,2
828;1067;105;76,22
828;1066;105;76,26
828;1066;106;76,26
827;1067;106;76,38
826;1068;106;76,4
825;1069;106;76,44
824;1070;106;76,44
823;1071;106;76,48
822;1072;106;76,52
821;1073;106;76,52
820;1074;106;76,52
819;1075;106;76,54
818;1076;106;76,56
817;1077;106;76,58
816;1078;106;76,62
815;1079;106;76,64
814;1080;106;76,64
813;1081;106;76,68
812;1082;106;76,74
811;1083;106;76,78
810;1084;106;76,82
809;1085;106;76,84
808;1086;106;76,86
807;1087;106;76,92
806;1088;106;76,96
805;1089;106;76,98
805;1088;106;77,14
805;1088;107;77,14
805;1087;107;77,16
805;1087;108;77,16
804;1088;108;77,16
803;1089;108;77,3
803;1088;108;77,32
803;1088;109;77,32
802;1089;109;77,42
801;1090;109;77,46
800;1091;109;77,46
799;1092;109;77,48
798;1093;109;77,48
798;1092;109;77,6
798;1092;110;77,6
797;1093;110;77,6
796;1094;110;77,6
795;1095;110;77,6
794;1096;110;77,62
793;1097;110;77,64
793;1096;110;77,74
793;1096;111;77,74
792;1097;111;77,8
791;1098;111;77,82
791;1097;111;77,84
791;1097;112;77,84
790;1098;112;77,92
789;1099;112;78
788;1100;112;78
787;1101;112;78,04
786;1102;112;78,16
786;1101;112;78,18
786;1101;113;78,18
786;1100;113;78,18
786;1100;114;78,18
785;1101;114;78,22
784;1102;114;78,28
783;1103;114;78,28
782;1104;114;78,3
782;1103;114;78,34
782;1103;115;78,34
781;1104;115;78,42
781;1103;115;78,44
781;1103;116;78,44
780;1104;116;78,52
779;1105;116;78,56
779;1104;116;78,58
779;1104;117;78,58
778;1105;117;78,58
778;1104;117;78,6
778;1104;118;78,6
777;1105;118;78,62
776;1106;118;78,66
775;1107;118;78,66
775;1106;118;78,68
775;1106;119;78,68
774;1107;119;78,68
774;1106;119;78,72
774;1106;120;78,72
774;1105;120;78,76
774;1105;121;78,76
774;1104;121;78,82
774;1104;122;78,82
774;1103;122;78,84
774;1103;123;78,84
773;1104;123;78,98
772;1105;123;78,98
771;1106;123;79,08
770;1107;123;79,14
769;1108;123;79,16
769;1107;123;79,18
769;1107;124;79,18
768;1108;124;79,18
767;1109;124;79,28
766;1110;124;79,28
765;1111;124;79,28
765;1110;124;79,38
765;1110;125;79,38
764;1111;125;79,44
764;1110;125;79,46
764;1110;126;79,46
763;1111;126;79,46
762;1112;126;79,5
761;1113;126;79,5
760;1114;126;79,52
759;1115;126;79,52
758;1116;126;79,52
757;1117;126;79,58
756;1118;126;79,62
755;1119;126;79,62
755;1118;126;79,66
755;1118;127;79,66
755;1117;127;79,72
755;1117;128;79,72
755;1116;128;79,74
755;1116;129;79,74
754;1117;129;79,74
754;1116;129;79,76
754;1116;130;79,76
753;1117;130;79,76
752;1118;130;79,78
751;1119;130;79,82
750;1120;130;79,84
749;1121;130;79,84
749;1120;130;79,9
749;1120;131;79,9
748;1121;131;79,9
748;1120;131;79,96
748;1120;132;79,96
747;1121;132;80
746;1122;132;80
745;1123;132;80,02
744;1124;132;80,1
743;1125;132;80,12
742;1126;132;80,16
742;1125;132;80,18
742;1125;133;80,18
742;1124;133;80,18
742;1124;134;80,18
741;1125;134;80,3
741;1124;134;80,34
741;1124;135;80,34
741;1123;135;80,38
741;1123;136;80,38
740;1124;136;80,4
740;1123;136;80,42
740;1123;137;80,42
739;1124;137;80,46
739;1123;137;80,5
739;1123;138;80,5
738;1124;138;80,58
738;1123;138;80,6
738;1123;139;80,6
737;1124;139;80,64
736;1125;139;80,7
736;1124;139;80,72
736;1124;140;80,72
735;1125;140;80,72
735;1124;140;80,74
735;1124;141;80,74
734;1125;141;80,74
733;1126;141;80,74
733;1125;141;80,76
733;1125;142;80,76
732;1126;142;80,76
732;1125;142;80,8
732;1125;143;80,8
731;1126;143;80,8
731;1125;143;80,82
731;1125;144;80,82
731;1124;144;80,82
731;1124;145;80,82
731;1123;145;80,84
731;1123;146;80,84
730;1124;146;80,88
730;1123;146;80,94
730;1123;147;80,94
730;1122;147;80,94
730;1122;148;80,94
729;1123;148;80,94
729;1122;148;80,98
729;1122;149;80,98
729;1121;149;81,04
729;1121;150;81,04
728;1122;150;81,06
727;1123;150;81,08
726;1124;150;81,1
725;1125;150;81,1
724;1126;150;81,2
724;1125;150;81,24
724;1125;151;81,24
723;1126;151;81,26
723;1125;151;81,28
723;1125;152;81,28
723;1124;152;81,34
723;1124;153;81,34
723;1123;153;81,36
723;1123;154;81,36
722;1124;154;81,36
722;1123;154;81,38
722;1123;155;81,38
722;1122;155;81,38
722;1122;156;81,38
721;1123;156;81,38
721;1122;156;81,4
721;1122;157;81,4
721;1121;157;81,44
721;1121;158;81,44
721;1120;158;81,5
721;1120;159;81,5
720;1121;159;81,5
719;1122;159;81,5
718;1123;159;81,52
717;1124;159;81,58
716;1125;159;81,6
715;1126;159;81,6
715;1125;159;81,64
715;1125;160;81,64
714;1126;160;81,64
713;1127;160;81,68
713;1126;160;81,7
713;1126;161;81,7
713;1125;161;81,7
713;1125;162;81,7
712;1126;162;81,72
712;1125;162;81,76
712;1125;163;81,76
711;1126;163;81,78
710;1127;163;81,84
709;1128;163;81,84
709;1127;163;81,92
709;1127;164;81,92
708;1128;164;81,96
707;1129;164;81,98
706;1130;164;81,98
705;1131;164;82,08
704;1132;164;82,28
703;1133;164;82,28
702;1134;164;82,3
702;1133;164;82,32
702;1133;165;82,32
702;1132;165;82,32
702;1132;166;82,32
701;1133;166;82,38
700;1134;166;82,38
700;1133;166;82,42
700;1133;167;82,42
699;1134;167;82,42
698;1135;167;82,44
697;1136;167;82,46
697;1135;167;82,52
697;1135;168;82,52
696;1136;168;82,52
695;1137;168;82,54
694;1138;168;82,56
693;1139;168;82,64
693;1138;168;82,74
693;1138;169;82,74
692;1139;169;82,74
691;1140;169;82,76
690;1141;169;82,8
689;1142;169;82,8
689;1141;169;82,84
689;1141;170;82,84
688;1142;170;82,84
687;1143;170;82,86
686;1144;170;82,94
685;1145;170;82,96
684;1146;170;82,96
684;1145;170;83,02
684;1145;171;83,02
683;1146;171;83,1
683;1145;171;83,18
683;1145;172;83,18
682;1146;172;83,2
681;1147;172;83,24
680;1148;172;83,28
680;1147;172;83,32
680;1147;173;83,32
679;1148;173;83,36
678;1149;173;83,52
677;1150;173;83,54
677;1149;173;83,58
677;1149;174;83,58
676;1150;174;83,58
676;1149;174;83,6
676;1149;175;83,6
676;1148;175;83,6
676;1148;176;83,6
676;1147;176;83,66
676;1147;177;83,66
675;1148;177;83,68
674;1149;177;83,68
673;1150;177;83,68
673;1149;177;83,74
673;1149;178;83,74
672;1150;178;83,74
671;1151;178;83,74
671;1150;178;83,76
671;1150;179;83,76
671;1149;179;83,86
671;1149;180;83,86
670;1150;180;83,9
669;1151;180;83,94
669;1150;180;83,96
669;1150;181;83,96
669;1149;181;84,02
669;1149;182;84,02
669;1148;182;84,08
669;1148;183;84,08
668;1149;183;84,12
667;1150;183;84,14
667;1149;183;84,18
667;1149;184;84,18
667;1148;184;84,18
667;1148;185;84,18
666;1149;185;84,18
665;1150;185;84,2
664;1151;185;84,2
663;1152;185;84,2
663;1151;185;84,24
663;1151;186;84,24
662;1152;186;84,3
662;1151;186;84,32
662;1151;187;84,32
662;1150;187;84,32
662;1150;188;84,32
661;1151;188;84,32
661;1150;188;84,34
661;1150;189;84,34
660;1151;189;84,36
660;1150;189;84,38
660;1150;190;84,38
660;1149;190;84,4
660;1149;191;84,4
659;1150;191;84,4
659;1149;191;84,42
659;1149;192;84,42
659;1148;192;84,46
659;1148;193;84,46
658;1149;193;84,46
657;1150;193;84,48
657;1149;193;84,52
657;1149;194;84,52
656;1150;194;84,54
655;1151;194;84,58
655;1150;194;84,6
655;1150;195;84,6
654;1151;195;84,6
654;1150;195;84,66
654;1150;196;84,66
654;1149;196;84,66
654;1149;197;84,66
653;1150;197;84,72
652;1151;197;84,72
651;1152;197;84,76
651;1151;197;84,78
651;1151;198;84,78
651;1150;198;84,86
651;1150;199;84,86
651;1149;199;84,86
651;1149;200;84,86
650;1150;200;84,86
650;1149;200;84,94
650;1149;201;84,94
649;1150;201;85
649;1149;201;85,04
649;1149;202;85,04
648;1150;202;85,04
647;1151;202;85,04
647;1150;202;85,06
647;1150;203;85,06
646;1151;203;85,1
646;1150;203;85,12
646;1150;204;85,12
646;1149;204;85,14
646;1149;205;85,14
646;1148;205;85,18
646;1148;206;85,18
646;1147;206;85,22
646;1147;207;85,22
646;1146;207;85,22
646;1146;208;85,22
645;1147;208;85,22
645;1146;208;85,28
645;1146;209;85,28
645;1145;209;85,3
645;1145;210;85,3
644;1146;210;85,3
643;1147;210;85,32
643;1146;210;85,34
643;1146;211;85,34
643;1145;211;85,38
643;1145;212;85,38
642;1146;212;85,42
642;1145;212;85,46
642;1145;213;85,46
641;1146;213;85,48
641;1145;213;85,56
641;1145;214;85,56
641;1144;214;85,64
641;1144;215;85,64
640;1145;215;85,64
640;1144;215;85,66
640;1144;216;85,66
639;1145;216;85,74
638;1146;216;85,76
638;1145;216;85,78
638;1145;217;85,78
637;1146;217;85,84
636;1147;217;85,86
636;1146;217;85,94
636;1146;218;85,94
636;1145;218;85,96
636;1145;219;85,96
635;1146;219;85,98
635;1145;219;86,02
635;1145;220;86,02
634;1146;220;86,04
633;1147;220;86,06
632;1148;220;86,14
631;1149;220;86,16
630;1150;220;86,16
629;1151;220;86,16
629;1150;220;86,26
629;1150;221;86,26
628;1151;221;86,26
627;1152;221;86,38
626;1153;221;86,5
625;1154;221;86,5
624;1155;221;86,52
624;1154;221;86,58
624;1154;222;86,58
623;1155;222;86,58
623;1154;222;86,72
623;1154;223;86,72
623;1153;223;86,82
623;1153;224;86,82
623;1152;224;86,86
623;1152;225;86,86
623;1151;225;86,88
623;1151;226;86,88
622;1152;226;86,92
621;1153;226;86,94
620;1154;226;87,06
620;1153;226;87,12
620;1153;227;87,12
619;1154;227;87,14
618;1155;227;87,18
618;1154;227;87,22
618;1154;228;87,22
617;1155;228;87,22
617;1154;228;87,24
617;1154;229;87,24
616;1155;229;87,28
616;1154;229;87,3
616;1154;230;87,3
615;1155;230;87,3
615;1154;230;87,36
615;1154;231;87,36
614;1155;231;87,4
614;1154;231;87,44
614;1154;232;87,44
613;1155;232;87,46
613;1154;232;87,6
613;1154;233;87,6
613;1153;233;87,6
613;1153;234;87,6
613;1152;234;87,68
613;1152;235;87,68
613;1151;235;87,72
613;1151;236;87,72
613;1150;236;87,76
613;1150;237;87,76
613;1149;237;87,76
613;1149;238;87,76
613;1148;238;87,8
613;1148;239;87,8
612;1149;239;87,82
612;1148;239;87,84
612;1148;240;87,84
611;1149;240;87,84
611;1148;240;87,94
611;1148;241;87,94
611;1147;241;88,02
611;1147;242;88,02
610;1148;242;88,08
610;1147;242;88,1
610;1147;243;88,1
609;1148;243;88,1
609;1147;243;88,12
609;1147;244;88,12
609;1146;244;88,12
609;1146;245;88,12
608;1147;245;88,18
608;1146;245;88,24
608;1146;246;88,24
608;1145;246;88,24
608;1145;247;88,24
607;1146;247;88,26
606;1147;247;88,28
605;1148;247;88,3
605;1147;247;88,32
605;1147;248;88,32
605;1146;248;88,36
605;1146;249;88,36
605;1145;249;88,36
605;1145;250;88,36
604;1146;250;88,36
604;1145;250;88,38
604;1145;251;88,38
603;1146;251;88,4
602;1147;251;88,44
602;1146;251;88,56
602;1146;252;88,56
602;1145;252;88,58
602;1145;253;88,58
601;1146;253;88,6
601;1145;253;88,7
601;1145;254;88,7
600;1146;254;88,72
600;1145;254;88,74
600;1145;255;88,74
600;1144;255;88,74
600;1144;256;88,74
600;1143;256;88,78
600;1143;257;88,78
599;1144;257;88,8
599;1143;257;88,84
599;1143;258;88,84
599;1142;258;88,86
599;1142;259;88,86
599;1141;259;88,86
599;1141;260;88,86
598;1142;260;88,88
597;1143;260;88,96
596;1144;260;88,96
595;1145;260;88,98
594;1146;260;89,1
593;1147;260;89,12
592;1148;260;89,2
591;1149;260;89,22
590;1150;260;89,3
589;1151;260;89,34
588;1152;260;89,36
588;1151;260;89,42
588;1151;261;89,42
587;1152;261;89,42
587;1151;261;89,46
587;1151;262;89,46
586;1152;262;89,46
585;1153;262;89,52
584;1154;262;89,54
584;1153;262;89,62
584;1153;263;89,62
584;1152;263;89,66
584;1152;264;89,66
584;1151;264;89,66
584;1151;265;89,66
583;1152;265;89,66
582;1153;265;89,66
582;1152;265;89,74
582;1152;266;89,74
581;1153;266;89,74
580;1154;266;89,76
580;1153;266;89,88
580;1153;267;89,88
580;1152;267;89,96
580;1152;268;89,96
580;1151;268;89,98
580;1151;269;89,98
579;1152;269;89,98
578;1153;269;90,02
577;1154;269;90,02
577;1153;269;90,06
577;1153;270;90,06
576;1154;270;90,06
575;1155;270;90,1
575;1154;270;90,14
575;1154;271;90,14
575;1153;271;90,28
575;1153;272;90,28
575;1152;272;90,28
575;1152;273;90,28
574;1153;273;90,28
573;1154;273;90,3
572;1155;273;90,36
572;1154;273;90,42
572;1154;274;90,42
572;1153;274;90,42
572;1153;275;90,42
571;1154;275;90,42
570;1155;275;90,42
569;1156;275;90,42
568;1157;275;90,42
568;1156;275;90,52
568;1156;276;90,52
568;1155;276;90,54
568;1155;277;90,54
568;1154;277;90,54
568;1154;278;90,54
568;1153;278;90,58
568;1153;279;90,58
568;1152;279;90,58
568;1152;280;90,58
568;1151;280;90,6
568;1151;281;90,6
567;1152;281;90,6
566;1153;281;90,62
566;1152;281;90,64
566;1152;282;90,64
566;1151;282;90,64
566;1151;283;90,64
565;1152;283;90,64
564;1153;283;90,66
564;1152;283;90,8
564;1152;284;90,8
564;1151;284;90,82
564;1151;285;90,82
563;1152;285;90,82
562;1153;285;90,88
562;1152;285;90,92
562;1152;286;90,92
561;1153;286;90,96
561;1152;286;91,02
561;1152;287;91,02
561;1151;287;91,02
561;1151;288;91,02
561;1150;288;91,06
561;1150;289;91,06
560;1151;289;91,06
560;1150;289;91,08
560;1150;290;91,08
559;1151;290;91,08
558;1152;290;91,12
558;1151;290;91,14
558;1151;291;91,14
557;1152;291;91,28
557;1151;291;91,38
557;1151;292;91,38
556;1152;292;91,44
555;1153;292;91,46
555;1152;292;91,54
555;1152;293;91,54
555;1151;293;91,58
555;1151;294;91,58
554;1152;294;91,6
553;1153;294;91,62
553;1152;294;91,64
553;1152;295;91,64
553;1151;295;91,66
553;1151;296;91,66
553;1150;296;91,68
553;1150;297;91,68
552;1151;297;91,74
552;1150;297;91,76
552;1150;298;91,76
552;1149;298;91,8
552;1149;299;91,8
552;1148;299;91,8
552;1148;300;91,8
552;1147;300;91,84
552;1147;301;91,84
551;1148;301;91,92
551;1147;301;91,98
551;1147;302;91,98
551;1146;302;91,98
551;1146;303;91,98
550;1147;303;92,04
549;1148;303;92,08
549;1147;303;92,12
549;1147;304;92,12
549;1146;304;92,14
549;1146;305;92,14
548;1147;305;92,16
548;1146;305;92,18
548;1146;306;92,18
547;1147;306;92,44
547;1146;306;92,48
547;1146;307;92,48
546;1147;307;92,5
546;1146;307;92,56
546;1146;308;92,56
545;1147;308;92,6
545;1146;308;92,66
545;1146;309;92,66
544;1147;309;92,8
544;1146;309;92,82
544;1146;310;92,82
543;1147;310;92,84
542;1148;310;92,84
541;1149;310;92,88
541;1148;310;92,98
541;1148;311;92,98
541;1147;311;92,98
541;1147;312;92,98
540;1148;312;92,98
539;1149;312;93
539;1148;312;93,04
539;1148;313;93,04
538;1149;313;93,04
538;1148;313;93,06
538;1148;314;93,06
538;1147;314;93,14
538;1147;315;93,14
538;1146;315;93,14
538;1146;316;93,14
537;1147;316;93,14
536;1148;316;93,16
536;1147;316;93,18
536;1147;317;93,18
536;1146;317;93,18
536;1146;318;93,18
535;1147;318;93,24
534;1148;318;93,28
534;1147;318;93,34
534;1147;319;93,34
533;1148;319;93,34
533;1147;319;93,36
533;1147;320;93,36
532;1148;320;93,36
531;1149;320;93,38
531;1148;320;93,42
531;1148;321;93,42
530;1149;321;93,46
530;1148;321;93,52
530;1148;322;93,52
529;1149;322;93,56
529;1148;322;93,58
529;1148;323;93,58
528;1149;323;93,6
528;1148;323;93,62
528;1148;324;93,62
528;1147;324;93,62
528;1147;325;93,62
528;1146;325;93,7
528;1146;326;93,7
528;1145;326;93,7
528;1145;327;93,7
528;1144;327;93,72
528;1144;328;93,72
528;1143;328;93,76
528;1143;329;93,76
528;1142;329;93,78
528;1142;330;93,78
528;1141;330;93,8
528;1141;331;93,8
528;1140;331;93,8
528;1140;332;93,8
528;1139;332;93,82
528;1139;333;93,82
527;1140;333;93,82
527;1139;333;93,84
527;1139;334;93,84
527;1138;334;93,88
527;1138;335;93,88
527;1137;335;93,92
527;1137;336;93,92
527;1136;336;93,92
527;1136;337;93,92
526;1137;337;93,92
525;1138;337;93,94
525;1137;337;93,98
525;1137;338;93,98
525;1136;338;94
525;1136;339;94
525;1135;339;94
525;1135;340;94
524;1136;340;94
523;1137;340;94,02
522;1138;340;94,04
522;1137;340;94,06
522;1137;341;94,06
522;1136;341;94,18
522;1136;342;94,18
522;1135;342;94,18
522;1135;343;94,18
522;1134;343;94,22
522;1134;344;94,22
522;1133;344;94,26
522;1133;345;94,26
522;1132;345;94,26
522;1132;346;94,26
521;1133;346;94,26
520;1134;346;94,28
519;1135;346;94,28
519;1134;346;94,32
519;1134;347;94,32
519;1133;347;94,36
519;1133;348;94,36
518;1134;348;94,4
517;1135;348;94,42
516;1136;348;94,42
516;1135;348;94,46
516;1135;349;94,46
516;1134;349;94,5
516;1134;350;94,5
515;1135;350;94,52
515;1134;350;94,58
515;1134;351;94,58
514;1135;351;94,58
514;1134;351;94,76
514;1134;352;94,76
514;1133;352;94,82
514;1133;353;94,82
514;1132;353;94,88
514;1132;354;94,88
514;1131;354;94,9
514;1131;355;94,9
514;1130;355;94,98
514;1130;356;94,98
513;1131;356;95
513;1130;356;95,04
513;1130;357;95,04
512;1131;357;95,04
512;1130;357;95,1
512;1130;358;95,1
512;1129;358;95,1
512;1129;359;95,1
511;1130;359;95,16
511;1129;359;95,18
511;1129;360;95,18
510;1130;360;95,18
509;1131;360;95,2
508;1132;360;95,22
507;1133;360;95,24
507;1132;360;95,26
507;1132;361;95,26
507;1131;361;95,34
507;1131;362;95,34
507;1130;362;95,36
507;1130;363;95,36
507;1129;363;95,4
507;1129;364;95,4
507;1128;364;95,4
507;1128;365;95,4
506;1129;365;95,4
505;1130;365;95,42
505;1129;365;95,44
505;1129;366;95,44
505;1128;366;95,46
505;1128;367;95,46
504;1129;367;95,52
504;1128;367;95,56
504;1128;368;95,56
503;1129;368;95,56
503;1128;368;95,7
503;1128;369;95,7
502;1129;369;95,7
502;1128;369;95,72
502;1128;370;95,72
501;1129;370;95,76
501;1128;370;95,84
501;1128;371;95,84
501;1127;371;95,84
501;1127;372;95,84
501;1126;372;95,86
501;1126;373;95,86
501;1125;373;95,86
501;1125;374;95,86
501;1124;374;95,86
501;1124;375;95,86
501;1123;375;95,9
501;1123;376;95,9
500;1124;376;95,9
500;1123;376;95,92
500;1123;377;95,92
500;1122;377;95,92
500;1122;378;95,92
500;1121;378;95,94
500;1121;379;95,94
500;1120;379;95,96
500;1120;380;95,96
500;1119;380;95,98
500;1119;381;95,98
500;1118;381;96
500;1118;382;96
500;1117;382;96
500;1117;383;96
499;1118;383;96,06
499;1117;383;96,08
499;1117;384;96,08
498;1118;384;96,18
498;1117;384;96,22
498;1117;385;96,22
497;1118;385;96,32
497;1117;385;96,36
497;1117;386;96,36
496;1118;386;96,4
496;1117;386;96,44
496;1117;387;96,44
496;1116;387;96,44
496;1116;388;96,44
495;1117;388;96,44
495;1116;388;96,48
495;1116;389;96,48
495;1115;389;96,5
495;1115;390;96,5
494;1116;390;96,56
493;1117;390;96,58
493;1116;390;96,62
493;1116;391;96,62
493;1115;391;96,62
493;1115;392;96,62
492;1116;392;96,64
492;1115;392;96,66
492;1115;393;96,66
492;1114;393;96,68
492;1114;394;96,68
492;1113;394;96,7
492;1113;395;96,7
492;1112;395;96,74
492;1112;396;96,74
491;1113;396;96,74
491;1112;396;96,76
491;1112;397;96,76
490;1113;397;96,82
489;1114;397;96,82
489;1113;397;96,84
489;1113;398;96,84
489;1112;398;96,86
489;1112;399;96,86
489;1111;399;96,92
489;1111;400;96,92
489;1110;400;96,94
489;1110;401;96,94
488;1111;401;97
487;1112;401;97,04
486;1113;401;97,06
485;1114;401;97,06
485;1113;401;97,08
485;1113;402;97,08
484;1114;402;97,08
483;1115;402;97,1
482;1116;402;97,12
482;1115;402;97,16
482;1115;403;97,16
482;1114;403;97,22
482;1114;404;97,22
482;1113;404;97,22
482;1113;405;97,22
482;1112;405;97,24
482;1112;406;97,24
482;1111;406;97,24
482;1111;407;97,24
481;1112;407;97,24
481;1111;407;97,26
481;1111;408;97,26
481;1110;408;97,26
481;1110;409;97,26
480;1111;409;97,36
479;1112;409;97,4
479;1111;409;97,46
479;1111;410;97,46
479;1110;410;97,46
479;1110;411;97,46
478;1111;411;97,48
478;1110;411;97,52
478;1110;412;97,52
478;1109;412;97,64
478;1109;413;97,64
478;1108;413;97,64
478;1108;414;97,64
477;1109;414;97,68
477;1108;414;97,72
477;1108;415;97,72
477;1107;415;97,86
477;1107;416;97,86
476;1108;416;97,86
475;1109;416;97,86
475;1108;416;97,96
475;1108;417;97,96
475;1107;417;97,96
475;1107;418;97,96
474;1108;418;97,96
474;1107;418;98
474;1107;419;98
473;1108;419;98,08
472;1109;419;98,1
471;1110;419;98,12
471;1109;419;98,2
471;1109;420;98,2
471;1108;420;98,24
471;1108;421;98,24
470;1109;421;98,24
470;1108;421;98,26
470;1108;422;98,26
470;1107;422;98,28
470;1107;423;98,28
470;1106;423;98,28
470;1106;424;98,28
470;1105;424;98,28
470;1105;425;98,28
470;1104;425;98,36
470;1104;426;98,36
470;1103;426;98,4
470;1103;427;98,4
470;1102;427;98,4
470;1102;428;98,4
470;1101;428;98,42
470;1101;429;98,42
469;1102;429;98,44
469;1101;429;98,46
469;1101;430;98,46
469;1100;430;98,52
469;1100;431;98,52
469;1099;431;98,54
469;1099;432;98,54
469;1098;432;98,56
469;1098;433;98,56
469;1097;433;98,64
469;1097;434;98,64
469;1096;434;98,68
469;1096;435;98,68
469;1095;435;98,8
469;1095;436;98,8
469;1094;436;98,82
469;1094;437;98,82
468;1095;437;98,88
468;1094;437;98,92
468;1094;438;98,92
468;1093;438;98,94
468;1093;439;98,94
468;1092;439;99
468;1092;440;99
468;1091;440;99,08
468;1091;441;99,08
467;1092;441;99,1
467;1091;441;99,12
467;1091;442;99,12
467;1090;442;99,12
467;1090;443;99,12
467;1089;443;99,22
467;1089;444;99,22
466;1090;444;99,22
466;1089;444;99,38
466;1089;445;99,38
466;1088;445;99,44
466;1088;446;99,44
466;1087;446;99,46
466;1087;447;99,46
466;1086;447;99,46
466;1086;448;99,46
466;1085;448;99,46
466;1085;449;99,46
466;1084;449;99,48
466;1084;450;99,48
465;1085;450;99,48
465;1084;450;99,5
465;1084;451;99,5
464;1085;451;99,5
464;1084;451;99,52
464;1084;452;99,52
464;1083;452;99,58
464;1083;453;99,58
463;1084;453;99,68
462;1085;453;99,68
462;1084;453;99,72
462;1084;454;99,72
462;1083;454;99,74
462;1083;455;99,74
462;1082;455;99,76
462;1082;456;99,76
461;1083;456;99,76
460;1084;456;99,78
459;1085;456;99,78
459;1084;456;99,84
459;1084;457;99,84
459;1083;457;99,86
459;1083;458;99,86
459;1082;458;99,86
459;1082;459;99,86
459;1081;459;99,92
459;1081;460;99,92
459;1080;460;99,96
459;1080;461;99,96
459;1079;461;100
459;1079;462;100
459;1078;462;100
459;1078;463;100
458;1079;463;100,02
458;1078;463;100,04
458;1078;464;100,04
458;1077;464;100,08
458;1077;465;100,08
458;1076;465;100,1
458;1076;466;100,1
458;1075;466;100,1
458;1075;467;100,1
457;1076;467;100,1
457;1075;467;100,12
457;1075;468;100,12
457;1074;468;100,14
457;1074;469;100,14
457;1073;469;100,2
457;1073;470;100,2
457;1072;470;100,22
457;1072;471;100,22
457;1071;471;100,26
457;1071;472;100,26
457;1070;472;100,32
457;1070;473;100,32
457;1069;473;100,32
457;1069;474;100,32
457;1068;474;100,34
457;1068;475;100,34
457;1067;475;100,34
457;1067;476;100,34
457;1066;476;100,36
457;1066;477;100,36
457;1065;477;100,38
457;1065;478;100,38
457;1064;478;100,38
457;1064;479;100,38
457;1063;479;100,4
457;1063;480;100,4
457;1062;480;100,42
457;1062;481;100,42
456;1063;481;100,42
456;1062;481;100,5
456;1062;482;100,5
456;1061;482;100,54
456;1061;483;100,54
456;1060;483;100,54
456;1060;484;100,54
455;1061;484;100,56
455;1060;484;100,6
455;1060;485;100,6
454;1061;485;100,66
454;1060;485;100,7
454;1060;486;100,7
453;1061;486;100,82
453;1060;486;100,88
453;1060;487;100,88
452;1061;487;100,9
452;1060;487;100,92
452;1060;488;100,92
452;1059;488;101,04
452;1059;489;101,04
452;1058;489;101,18
452;1058;490;101,18
452;1057;490;101,26
452;1057;491;101,26
452;1056;491;101,3
452;1056;492;101,3
451;1057;492;101,32
450;1058;492;101,32
450;1057;492;101,36
450;1057;493;101,36
450;1056;493;101,4
450;1056;494;101,4
450;1055;494;101,42
450;1055;495;101,42
450;1054;495;101,42
450;1054;496;101,42
450;1053;496;101,44
450;1053;497;101,44
450;1052;497;101,48
450;1052;498;101,48
450;1051;498;101,48
450;1051;499;101,48
449;1052;499;101,48
449;1051;499;101,5
449;1051;500;101,5
449;1050;500;101,5
449;1050;501;101,5
449;1049;501;101,5
449;1049;502;101,5
448;1050;502;101,5
447;1051;502;101,54
447;1050;502;101,56
447;1050;503;101,56
447;1049;503;101,56
447;1049;504;101,56
447;1048;504;101,6
447;1048;505;101,6
447;1047;505;101,62
447;1047;506;101,62
447;1046;506;101,74
447;1046;507;101,74
446;1047;507;101,76
446;1046;507;101,88
446;1046;508;101,88
446;1045;508;101,92
446;1045;509;101,92
445;1046;509;101,94
445;1045;509;101,98
445;1045;510;101,98
444;1046;510;102,02
444;1045;510;102,04
444;1045;511;102,04
444;1044;511;102,06
444;1044;512;102,06
444;1043;512;102,14
444;1043;513;102,14
444;1042;513;102,14
444;1042;514;102,14
444;1041;514;102,16
444;1041;515;102,16
444;1040;515;102,22
444;1040;516;102,22
444;1039;516;102,24
444;1039;517;102,24
444;1038;517;102,34
444;1038;518;102,34
444;1037;518;102,4
444;1037;519;102,4
444;1036;519;102,44
444;1036;520;102,44
443;1037;520;102,44
443;1036;520;102,62
443;1036;521;102,62
443;1035;521;102,66
443;1035;522;102,66
443;1034;522;102,7
443;1034;523;102,7
442;1035;523;102,7
442;1034;523;102,72
442;1034;524;102,72
442;1033;524;102,78
442;1033;525;102,78
442;1032;525;102,8
442;1032;526;102,8
441;1033;526;102,8
441;1032;526;102,84
441;1032;527;102,84
441;1031;527;102,9
441;1031;528;102,9
441;1030;528;102,9
441;1030;529;102,9
441;1029;529;102,92
441;1029;530;102,92
441;1028;530;102,94
441;1028;531;102,94
441;1027;531;102,94
441;1027;532;102,94
441;1026;532;103
441;1026;533;103
441;1025;533;103,02
441;1025;534;103,02
440;1026;534;103,08
439;1027;534;103,1
439;1026;534;103,14
439;1026;535;103,14
439;1025;535;103,14
439;1025;536;103,14
439;1024;536;103,2
439;1024;537;103,2
439;1023;537;103,22
439;1023;538;103,22
439;1022;538;103,24
439;1022;539;103,24
439;1021;539;103,36
439;1021;540;103,36
439;1020;540;103,36
439;1020;541;103,36
439;1019;541;103,36
439;1019;542;103,36
439;1018;542;103,38
439;1018;543;103,38
439;1017;543;103,38
439;1017;544;103,38
438;1018;544;103,4
438;1017;544;103,42
438;1017;545;103,42
438;1016;545;103,44
438;1016;546;103,44
438;1015;546;103,44
438;1015;547;103,44
437;1016;547;103,48
436;1017;547;103,62
435;1018;547;103,66
435;1017;547;103,7
435;1017;548;103,7
435;1016;548;103,74
435;1016;549;103,74
435;1015;549;103,76
435;1015;550;103,76
435;1014;550;103,78
435;1014;551;103,78
435;1013;551;103,86
435;1013;552;103,86
434;1014;552;104,04
433;1015;552;104,06
432;1016;552;104,08
432;1015;552;104,12
432;1015;553;104,12
431;1016;553;104,18
430;1017;553;104,22
430;1016;553;104,26
430;1016;554;104,26
429;1017;554;104,26
428;1018;554;104,28
428;1017;554;104,3
428;1017;555;104,3
428;1016;555;104,32
428;1016;556;104,32
428;1015;556;104,34
428;1015;557;104,34
427;1016;557;104,34
427;1015;557;104,36
427;1015;558;104,36
427;1014;558;104,42
427;1014;559;104,42
426;1015;559;104,42
426;1014;559;104,44
426;1014;560;104,44
425;1015;560;104,5
425;1014;560;104,52
425;1014;561;104,52
425;1013;561;104,54
425;1013;562;104,54
425;1012;562;104,54
425;1012;563;104,54
425;1011;563;104,58
425;1011;564;104,58
425;1010;564;104,58
425;1010;565;104,58
425;1009;565;104,58
425;1009;566;104,58
425;1008;566;104,64
425;1008;567;104,64
425;1007;567;104,64
425;1007;568;104,64
425;1006;568;104,64
425;1006;569;104,64
425;1005;569;104,64
425;1005;570;104,64
425;1004;570;104,7
425;1004;571;104,7
425;1003;571;104,74
425;1003;572;104,74
425;1002;572;104,76
425;1002;573;104,76
424;1003;573;104,76
424;1002;573;104,78
424;1002;574;104,78
424;1001;574;104,84
424;1001;575;104,84
424;1000;575;104,84
424;1000;576;104,84
424;999;576;104,88
424;999;577;104,88
424;998;577;104,92
424;998;578;104,92
424;997;578;104,94
424;997;579;104,94
424;996;579;104,94
424;996;580;104,94
424;995;580;104,96
424;995;581;104,96
424;994;581;104,98
424;994;582;104,98
424;993;582;105,06
424;993;583;105,06
424;992;583;105,08
424;992;584;105,08
424;991;584;105,16
424;991;585;105,16
423;992;585;105,2
422;993;585;105,22
421;994;585;105,22
421;993;585;105,26
421;993;586;105,26
421;992;586;105,4
421;992;587;105,4
421;991;587;105,48
421;991;588;105,48
421;990;588;105,52
421;990;589;105,52
421;989;589;105,54
421;989;590;105,54
421;988;590;105,62
421;988;591;105,62
421;987;591;105,7
421;987;592;105,7
421;986;592;105,72
421;986;593;105,72
421;985;593;105,76
421;985;594;105,76
421;984;594;105,94
421;984;595;105,94
421;983;595;105,94
421;983;596;105,94
420;984;596;106
420;983;596;106,02
420;983;597;106,02
420;982;597;106,04
420;982;598;106,04
420;981;598;106,06
420;981;599;106,06
420;980;599;106,08
420;980;600;106,08
420;979;600;106,12
420;979;601;106,12
420;978;601;106,16
420;978;602;106,16
420;977;602;106,18
420;977;603;106,18
420;976;603;106,18
420;976;604;106,18
420;975;604;106,18
420;975;605;106,18
420;974;605;106,24
420;974;606;106,24
420;973;606;106,26
420;973;607;106,26
420;972;607;106,26
420;972;608;106,26
420;971;608;106,3
420;971;609;106,3
420;970;609;106,32
420;970;610;106,32
420;969;610;106,36
420;969;611;106,36
420;968;611;106,38
420;968;612;106,38
420;967;612;106,42
420;967;613;106,42
420;966;613;106,44
420;966;614;106,44
419;967;614;106,44
419;966;614;106,46
419;966;615;106,46
418;967;615;106,52
418;966;615;106,54
418;966;616;106,54
418;965;616;106,56
418;965;617;106,56
418;964;617;106,56
418;964;618;106,56
418;963;618;106,64
418;963;619;106,64
418;962;619;106,68
418;962;620;106,68
417;963;620;106,7
417;962;620;106,72
417;962;621;106,72
416;963;621;106,74
416;962;621;106,76
416;962;622;106,76
415;963;622;106,76
414;964;622;106,78
413;965;622;106,84
413;964;622;106,86
413;964;623;106,86
413;963;623;106,86
413;963;624;106,86
413;962;624;106,88
413;962;625;106,88
413;961;625;107
413;961;626;107
413;960;626;107,04
413;960;627;107,04
413;959;627;107,06
413;959;628;107,06
413;958;628;107,14
413;958;629;107,14
413;957;629;107,18
413;957;630;107,18
413;956;630;107,18
413;956;631;107,18
413;955;631;107,2
413;955;632;107,2
413;954;632;107,2
413;954;633;107,2
413;953;633;107,3
413;953;634;107,3
413;952;634;107,3
413;952;635;107,3
413;951;635;107,32
413;951;636;107,32
413;950;636;107,38
413;950;637;107,38
412;951;637;107,38
412;950;637;107,4
412;950;638;107,4
411;951;638;107,46
411;950;638;107,48
411;950;639;107,48
411;949;639;107,52
411;949;640;107,52
411;948;640;107,56
411;948;641;107,56
411;947;641;107,56
411;947;642;107,56
410;948;642;107,56
410;947;642;107,58
410;947;643;107,58
410;946;643;107,62
410;946;644;107,62
410;945;644;107,64
410;945;645;107,64
410;944;645;107,64
410;944;646;107,64
410;943;646;107,66
410;943;647;107,66
410;942;647;107,74
410;942;648;107,74
410;941;648;107,76
410;941;649;107,76
410;940;649;107,78
410;940;650;107,78
409;941;650;107,78
409;940;650;107,9
409;940;651;107,9
409;939;651;107,9
409;939;652;107,9
409;938;652;107,96
409;938;653;107,96
409;937;653;107,98
409;937;654;107,98
409;936;654;108
409;936;655;108
409;935;655;108,02
409;935;656;108,02
409;934;656;108,04
409;934;657;108,04
408;935;657;108,04
408;934;657;108,06
408;934;658;108,06
408;933;658;108,08
408;933;659;108,08
408;932;659;108,1
408;932;660;108,1
408;931;660;108,1
408;931;661;108,1
407;932;661;108,1
407;931;661;108,12
407;931;662;108,12
407;930;662;108,12
407;930;663;108,12
407;929;663;108,22
407;929;664;108,22
407;928;664;108,24
407;928;665;108,24
407;927;665;108,3
407;927;666;108,3
407;926;666;108,3
407;926;667;108,3
407;925;667;108,38
407;925;668;108,38
406;926;668;108,38
406;925;668;108,44
406;925;669;108,44
406;924;669;108,44
406;924;670;108,44
405;925;670;108,44
404;926;670;108,52
404;925;670;108,58
404;925;671;108,58
404;924;671;108,6
404;924;672;108,6
404;923;672;108,66
404;923;673;108,66
404;922;673;108,7
404;922;674;108,7
404;921;674;108,7
404;921;675;108,7
403;922;675;108,7
403;921;675;108,72
403;921;676;108,72
403;920;676;108,72
403;920;677;108,72
402;921;677;108,72
402;920;677;108,78
402;920;678;108,78
401;921;678;108,78
401;920;678;108,82
401;920;679;108,82
401;919;679;108,82
401;919;680;108,82
401;918;680;108,96
401;918;681;108,96
401;917;681;108,98
401;917;682;108,98
400;918;682;109,02
400;917;682;109,06
400;917;683;109,06
400;916;683;109,08
400;916;684;109,08
400;915;684;109,1
400;915;685;109,1
400;914;685;109,14
400;914;686;109,14
400;913;686;109,22
400;913;687;109,22
400;912;687;109,36
400;912;688;109,36
400;911;688;109,38
400;911;689;109,38
399;912;689;109,4
399;911;689;109,42
399;911;690;109,42
399;910;690;109,44
399;910;691;109,44
398;911;691;109,44
398;910;691;109,5
398;910;692;109,5
398;909;692;109,56
398;909;693;109,56
398;908;693;109,58
398;908;694;109,58
398;907;694;109,58
398;907;695;109,58
398;906;695;109,58
398;906;696;109,58
398;905;696;109,6
398;905;697;109,6
398;904;697;109,62
398;904;698;109,62
398;903;698;109,62
398;903;699;109,62
398;902;699;109,62
398;902;700;109,62
398;901;700;109,66
398;901;701;109,66
398;900;701;109,68
398;900;702;109,68
398;899;702;109,7
398;899;703;109,7
397;900;703;109,72
396;901;703;109,9
396;900;703;109,96
396;900;704;109,96
396;899;704;110
396;899;705;110
396;898;705;110,02
396;898;706;110,02
396;897;706;110,04
396;897;707;110,04
396;896;707;110,08
396;896;708;110,08
396;895;708;110,08
396;895;709;110,08
395;896;709;110,1
395;895;709;110,12
395;895;710;110,12
395;894;710;110,14
395;894;711;110,14
394;895;711;110,14
393;896;711;110,24
392;897;711;110,24
392;896;711;110,28
392;896;712;110,28
392;895;712;110,3
392;895;713;110,3
392;894;713;110,34
392;894;714;110,34
392;893;714;110,34
392;893;715;110,34
392;892;715;110,34
392;892;716;110,34
392;891;716;110,36
392;891;717;110,36
392;890;717;110,4
392;890;718;110,4
392;889;718;110,4
392;889;719;110,4
392;888;719;110,46
392;888;720;110,46
391;889;720;110,56
391;888;720;110,58
391;888;721;110,58
391;887;721;110,62
391;887;722;110,62
391;886;722;110,62
391;886;723;110,62
391;885;723;110,68
391;885;724;110,68
391;884;724;110,68
391;884;725;110,68
391;883;725;110,74
391;883;726;110,74
391;882;726;110,78
391;882;727;110,78
391;881;727;110,82
391;881;728;110,82
391;880;728;110,82
391;880;729;110,82
391;879;729;110,82
391;879;730;110,82
391;878;730;110,9
391;878;731;110,9
391;877;731;110,92
391;877;732;110,92
391;876;732;110,94
391;876;733;110,94
391;875;733;110,96
391;875;734;110,96
391;874;734;111,02
391;874;735;111,02
391;873;735;111,02
391;873;736;111,02
390;874;736;111,04
390;873;736;111,06
390;873;737;111,06
390;872;737;111,06
390;872;738;111,06
390;871;738;111,1
390;871;739;111,1
389;872;739;111,12
389;871;739;111,2
389;871;740;111,2
389;870;740;111,3
389;870;741;111,3
389;869;741;111,32
389;869;742;111,32
388;870;742;111,32
388;869;742;111,38
388;869;743;111,38
388;868;743;111,4
388;868;744;111,4
388;867;744;111,4
388;867;745;111,4
388;866;745;111,46
388;866;746;111,46
388;865;746;111,52
388;865;747;111,52
388;864;747;111,56
388;864;748;111,56
388;863;748;111,58
388;863;749;111,58
388;862;749;111,6
388;862;750;111,6
388;861;750;111,62
388;861;751;111,62
388;860;751;111,64
388;860;752;111,64
388;859;752;111,64
388;859;753;111,64
388;858;753;111,68
388;858;754;111,68
388;857;754;111,68
388;857;755;111,68
388;856;755;111,68
388;856;756;111,68
388;855;756;111,68
388;855;757;111,68
388;854;757;111,7
388;854;758;111,7
388;853;758;111,76
388;853;759;111,76
388;852;759;111,76
388;852;760;111,76
387;853;760;111,84
387;852;760;111,86
387;852;761;111,86
387;851;761;111,9
387;851;762;111,9
386;852;762;111,92
386;851;762;111,94
386;851;763;111,94
386;850;763;112,04
386;850;764;112,04
386;849;764;112,06
386;849;765;112,06
386;848;765;112,12
386;848;766;112,12
385;849;766;112,14
384;850;766;112,14
384;849;766;112,18
384;849;767;112,18
384;848;767;112,2
384;848;768;112,2
384;847;768;112,22
384;847;769;112,22
384;846;769;112,22
384;846;770;112,22
384;845;770;112,28
384;845;771;112,28
384;844;771;112,28
384;844;772;112,28
384;843;772;112,3
384;843;773;112,3
384;842;773;112,32
384;842;774;112,32
384;841;774;112,34
384;841;775;112,34
384;840;775;112,4
384;840;776;112,4
384;839;776;112,4
384;839;777;112,4
384;838;777;112,46
384;838;778;112,46
384;837;778;112,48
384;837;779;112,48
384;836;779;112,52
384;836;780;112,52
384;835;780;112,54
384;835;781;112,54
384;834;781;112,64
384;834;782;112,64
384;833;782;112,68
384;833;783;112,68
384;832;783;112,72
384;832;784;112,72
383;833;784;112,72
382;834;784;112,74
382;833;784;112,76
382;833;785;112,76
382;832;785;112,76
382;832;786;112,76
382;831;786;112,78
382;831;787;112,78
382;830;787;112,8
382;830;788;112,8
382;829;788;112,8
382;829;789;112,8
382;828;789;112,88
382;828;790;112,88
382;827;790;112,88
382;827;791;112,88
382;826;791;112,9
382;826;792;112,9
382;825;792;112,96
382;825;793;112,96
382;824;793;113,04
382;824;794;113,04
382;823;794;113,08
382;823;795;113,08
381;824;795;113,08
381;823;795;113,1
381;823;796;113,1
381;822;796;113,18
381;822;797;113,18
381;821;797;113,18
381;821;798;113,18
381;820;798;113,22
381;820;799;113,22
381;819;799;113,24
381;819;800;113,24
380;820;800;113,28
380;819;800;113,32
380;819;801;113,32
380;818;801;113,4
380;818;802;113,4
380;817;802;113,42
380;817;803;113,42
380;816;803;113,48
380;816;804;113,48
380;815;804;113,48
380;815;805;113,48
380;814;805;113,5
380;814;806;113,5
380;813;806;113,5
380;813;807;113,5
379;814;807;113,52
379;813;807;113,54
379;813;808;113,54
379;812;808;113,56
379;812;809;113,56
379;811;809;113,64
379;811;810;113,64
379;810;810;113,66
379;810;811;113,66
379;809;811;113,7
379;809;812;113,7
379;808;812;113,72
379;808;813;113,72
379;807;813;113,72
379;807;814;113,72
378;808;814;113,72
378;807;814;113,74
378;807;815;113,74
378;806;815;113,78
378;806;816;113,78
377;807;816;113,8
376;808;816;113,86
376;807;816;113,88
376;807;817;113,88
376;806;817;113,9
376;806;818;113,9
376;805;818;113,92
376;805;819;113,92
376;804;819;113,92
376;804;820;113,92
376;803;820;113,94
376;803;821;113,94
375;804;821;113,96
375;803;821;114,04
375;803;822;114,04
375;802;822;114,04
375;802;823;114,04
375;801;823;114,04
375;801;824;114,04
375;800;824;114,1
375;800;825;114,1
375;799;825;114,12
375;799;826;114,12
375;798;826;114,14
375;798;827;114,14
374;799;827;114,18
374;798;827;114,2
374;798;828;114,2
373;799;828;114,24
373;798;828;114,28
373;798;829;114,28
373;797;829;114,32
373;797;830;114,32
373;796;830;114,32
373;796;831;114,32
373;795;831;114,4
373;795;832;114,4
373;794;832;114,44
373;794;833;114,44
373;793;833;114,52
373;793;834;114,52
373;792;834;114,58
373;792;835;114,58
373;791;835;114,6
373;791;836;114,6
373;790;836;114,6
373;790;837;114,6
373;789;837;114,6
373;789;838;114,6
373;788;838;114,62
373;788;839;114,62
373;787;839;114,66
373;787;840;114,66
373;786;840;114,7
373;786;841;114,7
372;787;841;114,7
372;786;841;114,72
372;786;842;114,72
371;787;842;114,8
371;786;842;114,84
371;786;843;114,84
371;785;843;114,88
371;785;844;114,88
371;784;844;114,92
371;784;845;114,92
371;783;845;114,92
371;783;846;114,92
371;782;846;114,92
371;782;847;114,92
371;781;847;114,94
371;781;848;114,94
371;780;848;114,94
371;780;849;114,94
371;779;849;114,98
371;779;850;114,98
371;778;850;115
371;778;851;115
371;777;851;115
371;777;852;115
371;776;852;115,02
371;776;853;115,02
370;777;853;115,04
370;776;853;115,06
370;776;854;115,06
370;775;854;115,06
370;775;855;115,06
370;774;855;115,14
370;774;856;115,14
370;773;856;115,16
370;773;857;115,16
370;772;857;115,2
370;772;858;115,2
370;771;858;115,24
370;771;859;115,24
370;770;859;115,3
370;770;860;115,3
370;769;860;115,32
370;769;861;115,32
369;770;861;115,32
368;771;861;115,32
368;770;861;115,34
368;770;862;115,34
368;769;862;115,36
368;769;863;115,36
368;768;863;115,4
368;768;864;115,4
368;767;864;115,42
368;767;865;115,42
368;766;865;115,42
368;766;866;115,42
368;765;866;115,42
368;765;867;115,42
368;764;867;115,54
368;764;868;115,54
368;763;868;115,56
368;763;869;115,56
368;762;869;115,66
368;762;870;115,66
368;761;870;115,66
368;761;871;115,66
368;760;871;115,66
368;760;872;115,66
368;759;872;115,66
368;759;873;115,66
367;760;873;115,66
366;761;873;115,68
366;760;873;115,7
366;760;874;115,7
366;759;874;115,72
366;759;875;115,72
366;758;875;115,74
366;758;876;115,74
366;757;876;115,78
366;757;877;115,78
366;756;877;115,84
366;756;878;115,84
366;755;878;115,84
366;755;879;115,84
366;754;879;115,84
366;754;880;115,84
366;753;880;115,94
366;753;881;115,94
366;752;881;115,94
366;752;882;115,94
366;751;882;115,96
366;751;883;115,96
366;750;883;116
366;750;884;116
366;749;884;116,1
366;749;885;116,1
366;748;885;116,1
366;748;886;116,1
366;747;886;116,12
366;747;887;116,12
366;746;887;116,12
366;746;888;116,12
366;745;888;116,22
366;745;889;116,22
366;744;889;116,24
366;744;890;116,24
366;743;890;116,26
366;743;891;116,26
365;744;891;116,28
365;743;891;116,34
365;743;892;116,34
365;742;892;116,4
365;742;893;116,4
364;743;893;116,4
364;742;893;116,48
364;742;894;116,48
364;741;894;116,48
364;741;895;116,48
364;740;895;116,56
364;740;896;116,56
364;739;896;116,58
364;739;897;116,58
364;738;897;116,58
364;738;898;116,58
364;737;898;116,62
364;737;899;116,62
364;736;899;116,62
364;736;900;116,62
364;735;900;116,62
364;735;901;116,62
364;734;901;116,62
364;734;902;116,62
364;733;902;116,68
364;733;903;116,68
364;732;903;116,7
364;732;904;116,7
364;731;904;116,72
364;731;905;116,72
363;732;905;116,74
363;731;905;116,76
363;731;906;116,76
362;732;906;116,92
362;731;906;116,94
362;731;907;116,94
362;730;907;116,94
362;730;908;116,94
362;729;908;116,98
362;729;909;116,98
362;728;909;117
362;728;910;117
362;727;910;117,02
362;727;911;117,02
362;726;911;117,04
362;726;912;117,04
362;725;912;117,08
362;725;913;117,08
362;724;913;117,1
362;724;914;117,1
362;723;914;117,2
362;723;915;117,2
362;722;915;117,24
362;722;916;117,24
362;721;916;117,24
362;721;917;117,24
361;722;917;117,28
361;721;917;117,3
361;721;918;117,3
360;722;918;117,32
359;723;918;117,36
359;722;918;117,38
359;722;919;117,38
359;721;919;117,4
359;721;920;117,4
359;720;920;117,4
359;720;921;117,4
359;719;921;117,44
359;719;922;117,44
359;718;922;117,44
359;718;923;117,44
358;719;923;117,44
358;718;923;117,46
358;718;924;117,46
358;717;924;117,48
358;717;925;117,48
358;716;925;117,52
358;716;926;117,52
358;715;926;117,58
358;715;927;117,58
358;714;927;117,58
358;714;928;117,58
358;713;928;117,6
358;713;929;117,6
358;712;929;117,62
358;712;930;117,62
358;711;930;117,64
358;711;931;117,64
358;710;931;117,64
358;710;932;117,64
358;709;932;117,7
358;709;933;117,7
358;708;933;117,7
358;708;934;117,7
358;707;934;117,76
358;707;935;117,76
358;706;935;117,78
358;706;936;117,78
358;705;936;117,78
358;705;937;117,78
358;704;937;117,8
358;704;938;117,8
358;703;938;117,86
358;703;939;117,86
358;702;939;117,88
358;702;940;117,88
358;701;940;117,98
358;701;941;117,98
358;700;941;118,02
358;700;942;118,02
358;699;942;118,12
358;699;943;118,12
358;698;943;118,12
358;698;944;118,12
358;697;944;118,12
358;697;945;118,12
357;698;945;118,12
357;697;945;118,14
357;697;946;118,14
357;696;946;118,14
357;696;947;118,14
357;695;947;118,22
357;695;948;118,22
357;694;948;118,28
357;694;949;118,28
357;693;949;118,28
357;693;950;118,28
357;692;950;118,32
357;692;951;118,32
357;691;951;118,34
357;691;952;118,34
357;690;952;118,34
357;690;953;118,34
357;689;953;118,38
357;689;954;118,38
357;688;954;118,48
357;688;955;118,48
357;687;955;118,56
357;687;956;118,56
357;686;956;118,6
357;686;957;118,6
357;685;957;118,66
357;685;958;118,66
357;684;958;118,7
357;684;959;118,7
357;683;959;118,72
357;683;960;118,72
357;682;960;118,72
357;682;961;118,72
357;681;961;118,74
357;681;962;118,74
357;680;962;118,74
357;680;963;118,74
357;679;963;118,76
357;679;964;118,76
357;678;964;118,76
357;678;965;118,76
357;677;965;118,8
357;677;966;118,8
356;678;966;118,8
356;677;966;118,84
356;677;967;118,84
356;676;967;118,84
356;676;968;118,84
356;675;968;118,86
356;675;969;118,86
355;676;969;118,88
355;675;969;118,92
355;675;970;118,92
355;674;970;118,96
355;674;971;118,96
355;673;971;118,96
355;673;972;118,96
354;674;972;119
354;673;972;119,04
354;673;973;119,04
354;672;973;119,06
354;672;974;119,06
354;671;974;119,06
354;671;975;119,06
353;672;975;119,06
352;673;975;119,12
352;672;975;119,18
352;672;976;119,18
352;671;976;119,22
352;671;977;119,22
352;670;977;119,28
352;670;978;119,28
352;669;978;119,32
352;669;979;119,32
352;668;979;119,32
352;668;980;119,32
352;667;980;119,34
352;667;981;119,34
352;666;981;119,34
352;666;982;119,34
352;665;982;119,36
352;665;983;119,36
352;664;983;119,36
352;664;984;119,36
351;665;984;119,42
351;664;984;119,44
351;664;985;119,44
351;663;985;119,46
351;663;986;119,46
350;664;986;119,46
350;663;986;119,48
350;663;987;119,48
350;662;987;119,5
350;662;988;119,5
350;661;988;119,54
350;661;989;119,54
350;660;989;119,56
350;660;990;119,56
350;659;990;119,58
350;659;991;119,58
350;658;991;119,58
350;658;992;119,58
350;657;992;119,62
350;657;993;119,62
350;656;993;119,68
350;656;994;119,68
349;657;994;119,7
349;656;994;119,74
349;656;995;119,74
349;655;995;119,76
349;655;996;119,76
349;654;996;119,84
349;654;997;119,84
349;653;997;119,9
349;653;998;119,9
349;652;998;119,9
349;652;999;119,9
349;651;999;119,92
349;651;1000;119,92
349;650;1000;119,94
349;650;1001;119,94
349;649;1001;119,98
349;649;1002;119,98
349;648;1002;120
349;648;1003;120
348;649;1003;120
348;648;1003;120,04
348;648;1004;120,04
348;647;1004;120,12
348;647;1005;120,12
348;646;1005;120,2
348;646;1006;120,2
348;645;1006;120,22
348;645;1007;120,22
347;646;1007;120,26
347;645;1007;120,28
347;645;1008;120,28
347;644;1008;120,3
347;644;1009;120,3
347;643;1009;120,38
347;643;1010;120,38
347;642;1010;120,42
347;642;1011;120,42
347;641;1011;120,48
347;641;1012;120,48
347;640;1012;120,52
347;640;1013;120,52
347;639;1013;120,52
347;639;1014;120,52
347;638;1014;120,54
347;638;1015;120,54
347;637;1015;120,54
347;637;1016;120,54
347;636;1016;120,54
347;636;1017;120,54
347;635;1017;120,56
347;635;1018;120,56
347;634;1018;120,58
347;634;1019;120,58
347;633;1019;120,6
347;633;1020;120,6
347;632;1020;120,64
347;632;1021;120,64
347;631;1021;120,64
347;631;1022;120,64
347;630;1022;120,64
347;630;1023;120,64
347;629;1023;120,7
347;629;1024;120,7
347;628;1024;120,78
347;628;1025;120,78
347;627;1025;120,8
347;627;1026;120,8
347;626;1026;120,84
347;626;1027;120,84
347;625;1027;120,88
347;625;1028;120,88
347;624;1028;120,98
347;624;1029;120,98
347;623;1029;120,98
347;623;1030;120,98
347;622;1030;121,04
347;622;1031;121,04
347;621;1031;121,04
347;621;1032;121,04
347;620;1032;121,06
347;620;1033;121,06
347;619;1033;121,06
347;619;1034;121,06
347;618;1034;121,1
347;618;1035;121,1
347;617;1035;121,1
347;617;1036;121,1
347;616;1036;121,14
347;616;1037;121,14
347;615;1037;121,14
347;615;1038;121,14
347;614;1038;121,16
347;614;1039;121,16
347;613;1039;121,2
347;613;1040;121,2
347;612;1040;121,2
347;612;1041;121,2
347;611;1041;121,34
347;611;1042;121,34
347;610;1042;121,34
347;610;1043;121,34
347;609;1043;121,36
347;609;1044;121,36
347;608;1044;121,36
347;608;1045;121,36
347;607;1045;121,36
347;607;1046;121,36
347;606;1046;121,38
347;606;1047;121,38
347;605;1047;121,42
347;605;1048;121,42
347;604;1048;121,42
347;604;1049;121,42
347;603;1049;121,44
347;603;1050;121,44
347;602;1050;121,48
347;602;1051;121,48
347;601;1051;121,52
347;601;1052;121,52
347;600;1052;121,54
347;600;1053;121,54
346;601;1053;121,54
346;600;1053;121,58
346;600;1054;121,58
346;599;1054;121,62
346;599;1055;121,62
346;598;1055;121,7
346;598;1056;121,7
346;597;1056;121,74
346;597;1057;121,74
346;596;1057;121,88
346;596;1058;121,88
346;595;1058;121,92
346;595;1059;121,92
346;594;1059;121,98
346;594;1060;121,98
346;593;1060;122
346;593;1061;122
346;592;1061;122
346;592;1062;122
346;591;1062;122
346;591;1063;122
346;590;1063;122
346;590;1064;122
346;589;1064;122,02
346;589;1065;122,02
346;588;1065;122,08
346;588;1066;122,08
345;589;1066;122,08
344;590;1066;122,1
344;589;1066;122,14
344;589;1067;122,14
344;588;1067;122,18
344;588;1068;122,18
344;587;1068;122,3
344;587;1069;122,3
344;586;1069;122,32
344;586;1070;122,32
344;585;1070;122,34
344;585;1071;122,34
344;584;1071;122,38
344;584;1072;122,38
344;583;1072;122,42
344;583;1073;122,42
344;582;1073;122,46
344;582;1074;122,46
344;581;1074;122,54
344;581;1075;122,54
344;580;1075;122,56
344;580;1076;122,56
344;579;1076;122,56
344;579;1077;122,56
344;578;1077;122,58
344;578;1078;122,58
344;577;1078;122,6
344;577;1079;122,6
344;576;1079;122,66
344;576;1080;122,66
344;575;1080;122,74
344;575;1081;122,74
344;574;1081;122,8
344;574;1082;122,8
344;573;1082;122,8
344;573;1083;122,8
344;572;1083;122,8
344;572;1084;122,8
343;573;1084;122,8
343;572;1084;122,82
343;572;1085;122,82
343;571;1085;122,86
343;571;1086;122,86
343;570;1086;122,9
343;570;1087;122,9
343;569;1087;122,96
343;569;1088;122,96
343;568;1088;122,98
343;568;1089;122,98
343;567;1089;122,98
343;567;1090;122,98
342;568;1090;122,98
342;567;1090;123
342;567;1091;123
342;566;1091;123
342;566;1092;123
342;565;1092;123,04
342;565;1093;123,04
342;564;1093;123,1
342;564;1094;123,1
342;563;1094;123,1
342;563;1095;123,1
342;562;1095;123,1
342;562;1096;123,1
342;561;1096;123,1
342;561;1097;123,1
342;560;1097;123,1
342;560;1098;123,1
342;559;1098;123,12
342;559;1099;123,12
342;558;1099;123,24
342;558;1100;123,24
342;557;1100;123,28
342;557;1101;123,28
342;556;1101;123,3
342;556;1102;123,3
342;555;1102;123,3
342;555;1103;123,3
342;554;1103;123,32
342;554;1104;123,32
342;553;1104;123,34
342;553;1105;123,34
342;552;1105;123,42
342;552;1106;123,42
342;551;1106;123,48
342;551;1107;123,48
341;552;1107;123,5
341;551;1107;123,54
341;551;1108;123,54
341;550;1108;123,56
341;550;1109;123,56
341;549;1109;123,6
341;549;1110;123,6
341;548;1110;123,6
341;548;1111;123,6
341;547;1111;123,68
341;547;1112;123,68
341;546;1112;123,76
341;546;1113;123,76
341;545;1113;123,78
341;545;1114;123,78
341;544;1114;123,78
341;544;1115;123,78
341;543;1115;123,82
341;543;1116;123,82
341;542;1116;123,92
341;542;1117;123,92
341;541;1117;123,92
341;541;1118;123,92
341;540;1118;123,94
341;540;1119;123,94
341;539;1119;123,96
341;539;1120;123,96
341;538;1120;123,98
341;538;1121;123,98
341;537;1121;124
341;537;1122;124
341;536;1122;124,06
341;536;1123;124,06
341;535;1123;124,08
341;535;1124;124,08
341;534;1124;124,1
341;534;1125;124,1
341;533;1125;124,14
341;533;1126;124,14
341;532;1126;124,18
341;532;1127;124,18
340;533;1127;124,2
340;532;1127;124,28
340;532;1128;124,28
340;531;1128;124,32
340;531;1129;124,32
340;530;1129;124,38
340;530;1130;124,38
340;529;1130;124,4
340;529;1131;124,4
340;528;1131;124,44
340;528;1132;124,44
340;527;1132;124,5
340;527;1133;124,5
340;526;1133;124,54
340;526;1134;124,54
340;525;1134;124,54
340;525;1135;124,54
340;524;1135;124,56
340;524;1136;124,56
340;523;1136;124,56
340;523;1137;124,56
340;522;1137;124,58
340;522;1138;124,58
340;521;1138;124,62
340;521;1139;124,62
340;520;1139;124,64
340;520;1140;124,64
340;519;1140;124,68
340;519;1141;124,68
340;518;1141;124,7
340;518;1142;124,7
340;517;1142;124,78
340;517;1143;124,78
339;518;1143;124,84
339;517;1143;124,86
339;517;1144;124,86
339;516;1144;124,86
339;516;1145;124,86
339;515;1145;125,02
339;515;1146;125,02
339;514;1146;125,04
339;514;1147;125,04
339;513;1147;125,28
339;513;1148;125,28
339;512;1148;125,34
339;512;1149;125,34
339;511;1149;125,36
339;511;1150;125,36
339;510;1150;125,36
339;510;1151;125,36
339;509;1151;125,4
339;509;1152;125,4
338;510;1152;125,4
338;509;1152;125,48
338;509;1153;125,48
338;508;1153;125,48
338;508;1154;125,48
338;507;1154;125,52
338;507;1155;125,52
338;506;1155;125,62
338;506;1156;125,62
338;505;1156;125,7
338;505;1157;125,7
338;504;1157;125,74
338;504;1158;125,74
338;503;1158;125,74
338;503;1159;125,74
338;502;1159;125,76
338;502;1160;125,76
338;501;1160;125,8
338;501;1161;125,8
338;500;1161;125,92
338;500;1162;125,92
338;499;1162;125,94
338;499;1163;125,94
338;498;1163;126,06
338;498;1164;126,06
338;497;1164;126,1
338;497;1165;126,1
338;496;1165;126,1
338;496;1166;126,1
338;495;1166;126,12
338;495;1167;126,12
338;494;1167;126,14
338;494;1168;126,14
338;493;1168;126,16
338;493;1169;126,16
338;492;1169;126,16
338;492;1170;126,16
338;491;1170;126,22
338;491;1171;126,22
338;490;1171;126,24
338;490;1172;126,24
337;491;1172;126,3
337;490;1172;126,4
337;490;1173;126,4
337;489;1173;126,42
337;489;1174;126,42
337;488;1174;126,46
337;488;1175;126,46
337;487;1175;126,46
337;487;1176;126,46
337;486;1176;126,5
337;486;1177;126,5
337;485;1177;126,54
337;485;1178;126,54
337;484;1178;126,54
337;484;1179;126,54
337;483;1179;126,54
337;483;1180;126,54
337;482;1180;126,56
337;482;1181;126,56
337;481;1181;126,58
337;481;1182;126,58
337;480;1182;126,6
337;480;1183;126,6
337;479;1183;126,64
337;479;1184;126,64
337;478;1184;126,66
337;478;1185;126,66
337;477;1185;126,66
337;477;1186;126,66
336;478;1186;126,66
336;477;1186;126,7
336;477;1187;126,7
336;476;1187;126,76
336;476;1188;126,76
336;475;1188;126,8
336;475;1189;126,8
336;474;1189;126,84
336;474;1190;126,84
336;473;1190;126,86
336;473;1191;126,86
336;472;1191;126,88
336;472;1192;126,88
336;471;1192;126,94
336;471;1193;126,94
336;470;1193;126,98
336;470;1194;126,98
336;469;1194;127
336;469;1195;127
335;470;1195;127,02
334;471;1195;127,16
334;470;1195;127,18
334;470;1196;127,18
333;471;1196;127,24
333;470;1196;127,32
333;470;1197;127,32
333;469;1197;127,44
333;469;1198;127,44
333;468;1198;127,48
333;468;1199;127,48
333;467;1199;127,48
333;467;1200;127,48
333;466;1200;127,5
333;466;1201;127,5
333;465;1201;127,5
333;465;1202;127,5
333;464;1202;127,62
333;464;1203;127,62
333;463;1203;127,62
333;463;1204;127,62
333;462;1204;127,62
333;462;1205;127,62
333;461;1205;127,64
333;461;1206;127,64
333;460;1206;127,66
333;460;1207;127,66
333;459;1207;127,82
333;459;1208;127,82
333;458;1208;127,84
333;458;1209;127,84
333;457;1209;127,94
333;457;1210;127,94
333;456;1210;128,02
333;456;1211;128,02
333;455;1211;128,02
333;455;1212;128,02
333;454;1212;128,06
333;454;1213;128,06
333;453;1213;128,18
333;453;1214;128,18
333;452;1214;128,24
333;452;1215;128,24
333;451;1215;128,3
333;451;1216;128,3
333;450;1216;128,3
333;450;1217;128,3
333;449;1217;128,32
333;449;1218;128,32
333;448;1218;128,44
333;448;1219;128,44
333;447;1219;128,54
333;447;1220;128,54
333;446;1220;128,58
333;446;1221;128,58
333;445;1221;128,6
333;445;1222;128,6
333;444;1222;128,64
333;444;1223;128,64
333;443;1223;128,68
333;443;1224;128,68
333;442;1224;128,68
333;442;1225;128,68
333;441;1225;128,7
333;441;1226;128,7
333;440;1226;129
333;440;1227;129
333;439;1227;129
333;439;1228;129
333;438;1228;129,1
333;438;1229;129,1
333;437;1229;129,16
333;437;1230;129,16
333;436;1230;129,18
333;436;1231;129,18
333;435;1231;129,2
333;435;1232;129,2
333;434;1232;129,3
333;434;1233;129,3
333;433;1233;129,3
333;433;1234;129,3
333;432;1234;129,3
333;432;1235;129,3
332;433;1235;129,38
332;432;1235;129,46
332;432;1236;129,46
332;431;1236;129,48
332;431;1237;129,48
332;430;1237;129,52
332;430;1238;129,52
332;429;1238;129,52
332;429;1239;129,52
332;428;1239;129,54
332;428;1240;129,54
332;427;1240;129,54
332;427;1241;129,54
332;426;1241;129,54
332;426;1242;129,54
332;425;1242;129,6
332;425;1243;129,6
332;424;1243;129,64
332;424;1244;129,64
332;423;1244;129,64
332;423;1245;129,64
332;422;1245;129,76
332;422;1246;129,76
332;421;1246;129,78
332;421;1247;129,78
332;420;1247;129,8
332;420;1248;129,8
332;419;1248;129,84
332;419;1249;129,84
332;418;1249;129,86
332;418;1250;129,86
332;417;1250;129,86
332;417;1251;129,86
332;416;1251;129,92
332;416;1252;129,92
331;417;1252;129,98
331;416;1252;130,02
331;416;1253;130,02
331;415;1253;130,02
331;415;1254;130,02
331;414;1254;130,04
331;414;1255;130,04
331;413;1255;130,12
331;413;1256;130,12
331;412;1256;130,14
331;412;1257;130,14
331;411;1257;130,18
331;411;1258;130,18
330;412;1258;130,3
330;411;1258;130,32
330;411;1259;130,32
330;410;1259;130,42
330;410;1260;130,42
330;409;1260;130,48
330;409;1261;130,48
330;408;1261;130,6
330;408;1262;130,6
329;409;1262;130,64
329;408;1262;130,66
329;408;1263;130,66
329;407;1263;130,72
329;407;1264;130,72
329;406;1264;130,74
329;406;1265;130,74
328;407;1265;130,74
328;406;1265;130,76
328;406;1266;130,76
328;405;1266;130,76
328;405;1267;130,76
328;404;1267;130,78
328;404;1268;130,78
328;403;1268;130,82
328;403;1269;130,82
328;402;1269;130,9
328;402;1270;130,9
328;401;1270;130,96
328;401;1271;130,96
328;400;1271;131,08
328;400;1272;131,08
328;399;1272;131,1
328;399;1273;131,1
328;398;1273;131,12
328;398;1274;131,12
328;397;1274;131,12
328;397;1275;131,12
328;396;1275;131,22
328;396;1276;131,22
328;395;1276;131,28
328;395;1277;131,28
328;394;1277;131,38
328;394;1278;131,38
328;393;1278;131,4
328;393;1279;131,4
328;392;1279;131,52
328;392;1280;131,52
328;391;1280;131,52
328;391;1281;131,52
328;390;1281;131,54
328;390;1282;131,54
328;389;1282;131,6
328;389;1283;131,6
328;388;1283;131,62
328;388;1284;131,62
328;387;1284;131,62
328;387;1285;131,62
328;386;1285;131,66
328;386;1286;131,66
328;385;1286;131,7
328;385;1287;131,7
328;384;1287;131,74
328;384;1288;131,74
328;383;1288;131,8
328;383;1289;131,8
328;382;1289;131,86
328;382;1290;131,86
328;381;1290;131,86
328;381;1291;131,86
328;380;1291;131,98
328;380;1292;131,98
328;379;1292;132
328;379;1293;132
328;378;1293;132
328;378;1294;132
328;377;1294;132,1
328;377;1295;132,1
328;376;1295;132,3
328;376;1296;132,3
328;375;1296;132,3
328;375;1297;132,3
328;374;1297;132,32
328;374;1298;132,32
328;373;1298;132,4
328;373;1299;132,4
328;372;1299;132,4
328;372;1300;132,4
328;371;1300;132,44
328;371;1301;132,44
328;370;1301;132,46
328;370;1302;132,46
328;369;1302;132,48
328;369;1303;132,48
328;368;1303;132,54
328;368;1304;132,54
328;367;1304;132,56
328;367;1305;132,56
328;366;1305;132,58
328;366;1306;132,58
328;365;1306;132,66
328;365;1307;132,66
328;364;1307;132,76
328;364;1308;132,76
328;363;1308;132,78
328;363;1309;132,78
328;362;1309;132,82
328;362;1310;132,82
328;361;1310;132,82
328;361;1311;132,82
328;360;1311;132,86
328;360;1312;132,86
328;359;1312;132,88
328;359;1313;132,88
328;358;1313;132,96
328;358;1314;132,96
328;357;1314;132,98
328;357;1315;132,98
328;356;1315;132,98
328;356;1316;132,98
327;357;1316;132,98
327;356;1316;133,12
327;356;1317;133,12
326;357;1317;133,18
326;356;1317;133,22
326;356;1318;133,22
326;355;1318;133,26
326;355;1319;133,26
326;354;1319;133,3
326;354;1320;133,3
326;353;1320;133,38
326;353;1321;133,38
325;354;1321;133,5
325;353;1321;133,54
325;353;1322;133,54
325;352;1322;133,56
325;352;1323;133,56
324;353;1323;133,56
324;352;1323;133,6
324;352;1324;133,6
323;353;1324;133,66
323;352;1324;133,7
323;352;1325;133,7
323;351;1325;133,7
323;351;1326;133,7
323;350;1326;133,7
323;350;1327;133,7
322;351;1327;133,7
322;350;1327;133,76
322;350;1328;133,76
322;349;1328;133,76
322;349;1329;133,76
321;350;1329;133,82
321;349;1329;133,92
321;349;1330;133,92
321;348;1330;133,96
321;348;1331;133,96
321;347;1331;134,14
321;347;1332;134,14
321;346;1332;134,16
321;346;1333;134,16
320;347;1333;134,16
320;346;1333;134,2
320;346;1334;134,2
320;345;1334;134,22
320;345;1335;134,22
320;344;1335;134,22
320;344;1336;134,22
320;343;1336;134,22
320;343;1337;134,22
320;342;1337;134,32
320;342;1338;134,32
320;341;1338;134,34
320;341;1339;134,34
320;340;1339;134,38
320;340;1340;134,38
320;339;1340;134,42
320;339;1341;134,42
320;338;1341;134,48
320;338;1342;134,48
320;337;1342;134,5
320;337;1343;134,5
320;336;1343;134,56
320;336;1344;134,56
320;335;1344;134,6
320;335;1345;134,6
320;334;1345;134,62
320;334;1346;134,62
320;333;1346;134,74
320;333;1347;134,74
320;332;1347;134,74
320;332;1348;134,74
320;331;1348;134,78
320;331;1349;134,78
320;330;1349;134,88
320;330;1350;134,88
320;329;1350;135,02
320;329;1351;135,02
320;328;1351;135,06
320;328;1352;135,06
320;327;1352;135,06
320;327;1353;135,06
319;328;1353;135,06
319;327;1353;135,12
319;327;1354;135,12
319;326;1354;135,24
319;326;1355;135,24
319;325;1355;135,32
319;325;1356;135,32
319;324;1356;135,34
319;324;1357;135,34
319;323;1357;135,44
319;323;1358;135,44
319;322;1358;135,5
319;322;1359;135,5
319;321;1359;135,66
319;321;1360;135,66
319;320;1360;135,76
319;320;1361;135,76
319;319;1361;135,78
319;319;1362;135,78
319;318;1362;135,86
319;318;1363;135,86
319;317;1363;135,88
319;317;1364;135,88
319;316;1364;136
319;316;1365;136
319;315;1365;136,06
319;315;1366;136,06
319;314;1366;136,08
319;314;1367;136,08
319;313;1367;136,16
319;313;1368;136,16
319;312;1368;136,18
319;312;1369;136,18
319;311;1369;136,18
319;311;1370;136,18
319;310;1370;136,18
319;310;1371;136,18
319;309;1371;136,28
319;309;1372;136,28
319;308;1372;136,4
319;308;1373;136,4
319;307;1373;136,52
319;307;1374;136,52
319;306;1374;136,52
319;306;1375;136,52
319;305;1375;136,54
319;305;1376;136,54
319;304;1376;136,6
319;304;1377;136,6
319;303;1377;136,94
319;303;1378;136,94
319;302;1378;136,96
319;302;1379;136,96
319;301;1379;137,08
319;301;1380;137,08
319;300;1380;137,16
319;300;1381;137,16
319;299;1381;137,2
319;299;1382;137,2
319;298;1382;137,24
319;298;1383;137,24
318;299;1383;137,28
318;298;1383;137,3
318;298;1384;137,3
318;297;1384;137,32
318;297;1385;137,32
318;296;1385;137,42
318;296;1386;137,42
318;295;1386;137,48
318;295;1387;137,48
317;296;1387;137,48
317;295;1387;137,84
317;295;1388;137,84
317;294;1388;137,86
317;294;1389;137,86
317;293;1389;138,1
317;293;1390;138,1
317;292;1390;138,12
317;292;1391;138,12
317;291;1391;138,2
317;291;1392;138,2
317;290;1392;138,28
317;290;1393;138,28
317;289;1393;138,3
317;289;1394;138,3
317;288;1394;138,32
317;288;1395;138,32
317;287;1395;138,38
317;287;1396;138,38
317;286;1396;138,42
317;286;1397;138,42
317;285;1397;138,46
317;285;1398;138,46
317;284;1398;138,62
317;284;1399;138,62
316;285;1399;138,7
316;284;1399;138,74
316;284;1400;138,74
316;283;1400;138,82
316;283;1401;138,82
316;282;1401;138,9
316;282;1402;138,9
316;281;1402;138,98
316;281;1403;138,98
316;280;1403;138,98
316;280;1404;138,98
316;279;1404;139
316;279;1405;139
316;278;1405;139,12
316;278;1406;139,12
316;277;1406;139,14
316;277;1407;139,14
316;276;1407;139,22
316;276;1408;139,22
316;275;1408;139,24
316;275;1409;139,24
316;274;1409;139,32
316;274;1410;139,32
316;273;1410;139,36
316;273;1411;139,36
316;272;1411;139,38
316;272;1412;139,38
316;271;1412;139,44
316;271;1413;139,44
316;270;1413;139,48
316;270;1414;139,48
316;269;1414;139,54
316;269;1415;139,54
316;268;1415;139,56
316;268;1416;139,56
316;267;1416;139,68
316;267;1417;139,68
316;266;1417;139,68
316;266;1418;139,68
316;265;1418;139,76
316;265;1419;139,76
316;264;1419;139,78
316;264;1420;139,78
316;263;1420;140
316;263;1421;140
316;262;1421;140,04
316;262;1422;140,04
316;261;1422;140,04
316;261;1423;140,04
316;260;1423;140,08
316;260;1424;140,08
316;259;1424;140,12
316;259;1425;140,12
316;258;1425;140,3
316;258;1426;140,3
316;257;1426;140,32
316;257;1427;140,32
316;256;1427;140,38
316;256;1428;140,38
316;255;1428;140,44
316;255;1429;140,44
316;254;1429;140,44
316;254;1430;140,44
316;253;1430;140,44
316;253;1431;140,44
316;252;1431;140,44
316;252;1432;140,44
315;253;1432;140,5
315;252;1432;140,62
315;252;1433;140,62
315;251;1433;140,64
315;251;1434;140,64
315;250;1434;140,66
315;250;1435;140,66
315;249;1435;140,68
315;249;1436;140,68
315;248;1436;140,84
315;248;1437;140,84
315;247;1437;140,9
315;247;1438;140,9
315;246;1438;140,98
315;246;1439;140,98
315;245;1439;141,08
315;245;1440;141,08
315;244;1440;141,1
315;244;1441;141,1
315;243;1441;141,14
315;243;1442;141,14
315;242;1442;141,3
315;242;1443;141,3
315;241;1443;141,46
315;241;1444;141,46
315;240;1444;141,48
315;240;1445;141,48
315;239;1445;141,62
315;239;1446;141,62
315;238;1446;141,64
315;238;1447;141,64
315;237;1447;141,76
315;237;1448;141,76
315;236;1448;141,94
315;236;1449;141,94
315;235;1449;142,06
315;235;1450;142,06
315;234;1450;142,1
315;234;1451;142,1
315;233;1451;142,18
315;233;1452;142,18
315;232;1452;142,46
315;232;1453;142,46
315;231;1453;142,52
315;231;1454;142,52
315;230;1454;142,62
315;230;1455;142,62
315;229;1455;142,82
315;229;1456;142,82
315;228;1456;142,86
315;228;1457;142,86
315;227;1457;142,86
315;227;1458;142,86
315;226;1458;142,9
315;226;1459;142,9
315;225;1459;143
315;225;1460;143
315;224;1460;143,02
315;224;1461;143,02
315;223;1461;143,06
315;223;1462;143,06
315;222;1462;143,16
315;222;1463;143,16
315;221;1463;143,18
315;221;1464;143,18
315;220;1464;143,26
315;220;1465;143,26
315;219;1465;143,3
315;219;1466;143,3
315;218;1466;143,36
315;218;1467;143,36
315;217;1467;143,38
315;217;1468;143,38
315;216;1468;143,4
315;216;1469;143,4
315;215;1469;143,48
315;215;1470;143,48
315;214;1470;143,58
315;214;1471;143,58
315;213;1471;143,62
315;213;1472;143,62
315;212;1472;143,84
315;212;1473;143,84
315;211;1473;143,94
315;211;1474;143,94
315;210;1474;143,96
315;210;1475;143,96
315;209;1475;144,02
315;209;1476;144,02
315;208;1476;144,04
315;208;1477;144,04
315;207;1477;144,06
315;207;1478;144,06
315;206;1478;144,28
315;206;1479;144,28
315;205;1479;144,3
315;205;1480;144,3
315;204;1480;144,3
315;204;1481;144,3
315;203;1481;144,42
315;203;1482;144,42
315;202;1482;144,44
315;202;1483;144,44
315;201;1483;144,44
315;201;1484;144,44
315;200;1484;144,54
315;200;1485;144,54
315;199;1485;144,6
315;199;1486;144,6
315;198;1486;145,02
315;198;1487;145,02
315;197;1487;145,06
315;197;1488;145,06
315;196;1488;145,18
315;196;1489;145,18
315;195;1489;145,2
315;195;1490;145,2
315;194;1490;145,22
315;194;1491;145,22
315;193;1491;145,24
315;193;1492;145,24
315;192;1492;145,26
315;192;1493;145,26
314;193;1493;145,3
314;192;1493;145,42
314;192;1494;145,42
314;191;1494;145,44
314;191;1495;145,44
314;190;1495;145,54
314;190;1496;145,54
314;189;1496;145,58
314;189;1497;145,58
314;188;1497;145,72
314;188;1498;145,72
314;187;1498;145,78
314;187;1499;145,78
314;186;1499;145,92
314;186;1500;145,92
313;187;1500;145,98
313;186;1500;146,08
313;186;1501;146,08
313;185;1501;146,2
313;185;1502;146,2
313;184;1502;146,34
313;184;1503;146,34
313;183;1503;146,42
313;183;1504;146,42
313;182;1504;146,46
313;182;1505;146,46
313;181;1505;146,58
313;181;1506;146,58
313;180;1506;146,6
313;180;1507;146,6
313;179;1507;146,66
313;179;1508;146,66
313;178;1508;146,76
313;178;1509;146,76
313;177;1509;146,84
313;177;1510;146,84
313;176;1510;146,84
313;176;1511;146,84
313;175;1511;147,02
313;175;1512;147,02
312;176;1512;147,02
312;175;1512;147,06
312;175;1513;147,06
312;174;1513;147,08
312;174;1514;147,08
312;173;1514;147,08
312;173;1515;147,08
312;172;1515;147,1
312;172;1516;147,1
312;171;1516;147,12
312;171;1517;147,12
312;170;1517;147,14
312;170;1518;147,14
312;169;1518;147,26
312;169;1519;147,26
312;168;1519;147,38
312;168;1520;147,38
312;167;1520;147,42
312;167;1521;147,42
312;166;1521;147,5
312;166;1522;147,5
312;165;1522;147,7
312;165;1523;147,7
312;164;1523;147,88
312;164;1524;147,88
312;163;1524;147,88
312;163;1525;147,88
312;162;1525;147,98
312;162;1526;147,98
312;161;1526;148,1
312;161;1527;148,1
312;160;1527;148,12
312;160;1528;148,12
312;159;1528;148,14
312;159;1529;148,14
312;158;1529;148,26
312;158;1530;148,26
311;159;1530;148,38
311;158;1530;148,46
311;158;1531;148,46
311;157;1531;148,9
311;157;1532;148,9
311;156;1532;149,12
311;156;1533;149,12
311;155;1533;149,24
311;155;1534;149,24
311;154;1534;149,5
311;154;1535;149,5
311;153;1535;149,52
311;153;1536;149,52
311;152;1536;149,7
311;152;1537;149,7
311;151;1537;149,7
311;151;1538;149,7
311;150;1538;149,78
311;150;1539;149,78
311;149;1539;149,8
311;149;1540;149,8
311;148;1540;149,8
311;148;1541;149,8
311;147;1541;150,04
311;147;1542;150,04
311;146;1542;150,12
311;146;1543;150,12
311;145;1543;150,44
311;145;1544;150,44
311;144;1544;150,58
311;144;1545;150,58
311;143;1545;150,68
311;143;1546;150,68
311;142;1546;150,84
311;142;1547;150,84
311;141;1547;150,92
311;141;1548;150,92
311;140;1548;151,34
311;140;1549;151,34
311;139;1549;151,34
311;139;1550;151,34
311;138;1550;151,5
311;138;1551;151,5
311;137;1551;151,52
311;137;1552;151,52
311;136;1552;151,56
311;136;1553;151,56
311;135;1553;151,78
311;135;1554;151,78
311;134;1554;151,96
311;134;1555;151,96
311;133;1555;152,04
311;133;1556;152,04
311;132;1556;152,46
311;132;1557;152,46
311;131;1557;152,72
311;131;1558;152,72
311;130;1558;152,82
311;130;1559;152,82
311;129;1559;153,1
311;129;1560;153,1
311;128;1560;153,12
311;128;1561;153,12
311;127;1561;153,42
311;127;1562;153,42
311;126;1562;153,5
311;126;1563;153,5
311;125;1563;153,64
311;125;1564;153,64
311;124;1564;153,68
311;124;1565;153,68
311;123;1565;154,06
311;123;1566;154,06
311;122;1566;154,08
311;122;1567;154,08
311;121;1567;154,1
311;121;1568;154,1
311;120;1568;154,2
311;120;1569;154,2
311;119;1569;154,24
311;119;1570;154,24
311;118;1570;154,28
311;118;1571;154,28
311;117;1571;154,3
311;117;1572;154,3
311;116;1572;154,36
311;116;1573;154,36
310;117;1573;154,38
310;116;1573;154,44
310;116;1574;154,44
310;115;1574;154,52
310;115;1575;154,52
310;114;1575;154,78
310;114;1576;154,78
310;113;1576;155,22
310;113;1577;155,22
310;112;1577;155,24
310;112;1578;155,24
310;111;1578;155,24
310;111;1579;155,24
310;110;1579;156,02
310;110;1580;156,02
310;109;1580;156,46
310;109;1581;156,46
310;108;1581;156,54
310;108;1582;156,54
310;107;1582;156,72
310;107;1583;156,72
310;106;1583;156,76
310;106;1584;156,76
310;105;1584;156,78
310;105;1585;156,78
310;104;1585;156,8
310;104;1586;156,8
310;103;1586;156,86
310;103;1587;156,86
309;104;1587;157,02
309;103;1587;157,4
309;103;1588;157,4
309;102;1588;157,48
309;102;1589;157,48
309;101;1589;157,58
309;101;1590;157,58
308;102;1590;157,64
308;101;1590;157,8
308;101;1591;157,8
308;100;1591;158,06
308;100;1592;158,06
308;99;1592;158,12
308;99;1593;158,12
308;98;1593;158,4
308;98;1594;158,4
308;97;1594;158,46
308;97;1595;158,46
308;96;1595;158,54
308;96;1596;158,54
308;95;1596;158,72
308;95;1597;158,72
308;94;1597;158,74
308;94;1598;158,74
308;93;1598;158,8
308;93;1599;158,8
308;92;1599;159,04
308;92;1600;159,04
308;91;1600;159,42
308;91;1601;159,42
308;90;1601;159,46
308;90;1602;159,46
308;89;1602;159,74
308;89;1603;159,74
308;88;1603;159,92
308;88;1604;159,92
308;87;1604;160,12
308;87;1605;160,12
308;86;1605;160,16
308;86;1606;160,16
308;85;1606;160,26
308;85;1607;160,26
308;84;1607;160,26
308;84;1608;160,26
308;83;1608;160,58
308;83;1609;160,58
308;82;1609;161,06
308;82;1610;161,06
308;81;1610;161,14
308;81;1611;161,14
308;80;1611;161,34
308;80;1612;161,34
308;79;1612;161,86
308;79;1613;161,86
308;78;1613;161,94
308;78;1614;161,94
308;77;1614;162,16
308;77;1615;162,16
308;76;1615;162,16
308;76;1616;162,16
308;75;1616;162,74
308;75;1617;162,74
308;74;1617;162,76
308;74;1618;162,76
308;73;1618;163,1
308;73;1619;163,1
308;72;1619;163,3
308;72;1620;163,3
308;71;1620;163,54
308;71;1621;163,54
308;70;1621;163,74
308;70;1622;163,74
308;69;1622;163,82
308;69;1623;163,82
308;68;1623;163,88
308;68;1624;163,88
308;67;1624;163,98
308;67;1625;163,98
308;66;1625;164,2
308;66;1626;164,2
308;65;1626;164,26
308;65;1627;164,26
308;64;1627;164,72
308;64;1628;164,72
308;63;1628;164,82
308;63;1629;164,82
308;62;1629;165,06
308;62;1630;165,06
308;61;1630;165,34
308;61;1631;165,34
308;60;1631;165,34
308;60;1632;165,34
307;61;1632;165,44
307;60;1632;165,68
307;60;1633;165,68
307;59;1633;165,7
307;59;1634;165,7
307;58;1634;166,3
307;58;1635;166,3
307;57;1635;166,42
307;57;1636;166,42
307;56;1636;166,76
307;56;1637;166,76
307;55;1637;166,94
307;55;1638;166,94
307;54;1638;167,3
307;54;1639;167,3
307;53;1639;167,34
307;53;1640;167,34
307;52;1640;167,38
307;52;1641;167,38
307;51;1641;167,46
307;51;1642;167,46
306;52;1642;167,56
306;51;1642;168,14
306;51;1643;168,14
306;50;1643;168,82
306;50;1644;168,82
306;49;1644;168,9
306;49;1645;168,9
306;48;1645;169,02
306;48;1646;169,02
306;47;1646;169,08
306;47;1647;169,08
306;46;1647;169,14
306;46;1648;169,14
306;45;1648;169,44
306;45;1649;169,44
306;44;1649;169,48
306;44;1650;169,48
305;45;1650;169,7
305;44;1650;169,72
305;44;1651;169,72
305;43;1651;170,02
305;43;1652;170,02
305;42;1652;170,28
305;42;1653;170,28
304;43;1653;171,52
304;42;1653;171,56
304;42;1654;171,56
304;41;1654;172,1
304;41;1655;172,1
304;40;1655;172,12
304;40;1656;172,12
304;39;1656;172,82
304;39;1657;172,82
304;38;1657;173
304;38;1658;173
304;37;1658;173,52
304;37;1659;173,52
304;36;1659;174,22
304;36;1660;174,22
304;35;1660;174,86
304;35;1661;174,86
304;34;1661;175,42
304;34;1662;175,42
304;33;1662;176,32
304;33;1663;176,32
304;32;1663;176,68
304;32;1664;176,68
304;31;1664;177,04
304;31;1665;177,04
304;30;1665;177,18
304;30;1666;177,18
304;29;1666;177,26
304;29;1667;177,26
304;28;1667;179,4
304;28;1668;179,4
304;27;1668;180
304;27;1669;180
304;26;1669;180,32
304;26;1670;180,32
304;25;1670;180,66
304;25;1671;180,66
304;24;1671;180,76
304;24;1672;180,76
303;25;1672;182,06
303;24;1672;183
303;24;1673;183
303;23;1673;183,2
303;23;1674;183,2
303;22;1674;183,52
303;22;1675;183,52
303;21;1675;183,58
303;21;1676;183,58
303;20;1676;183,68
303;20;1677;183,68
303;19;1677;183,72
303;19;1678;183,72
303;18;1678;183,84
303;18;1679;183,84
303;17;1679;184,18
303;17;1680;184,18
303;16;1680;185,08
303;16;1681;185,08
303;15;1681;187,3
303;15;1682;187,3
303;14;1682;187,5
303;14;1683;187,5
303;13;1683;188,72
303;13;1684;188,72
303;12;1684;190,52
303;12;1685;190,52
302;13;1685;193,26
302;12;1685;195,32
302;12;1686;195,32
302;11;1686;196
302;11;1687;196
302;10;1687;197,04
302;10;1688;197,04
302;9;1688;198,4
302;9;1689;198,4
302;8;1689;204,4
302;8;1690;204,4
302;7;1690;207,04
302;7;1691;207,04
302;6;1691;207,66
302;6;1692;207,66
302;5;1692;215,46
302;5;1693;215,46
302;4;1693;217,58
302;4;1694;217,58
302;3;1694;219,72
302;3;1695;219,72
302;2;1695;221,54
302;2;1696;221,54
302;1;1696;232,08
302;1;1697;232,08
302;0;1697;243,28
302;0;1698;243,28
